Source_ID,Study_ID,Source_Summary,FirstAuthor_LastName,Source,Source_Type,DOI,Publication_Year,Data_Specific_Location,Sampling_Methods,Method_Hand_Sorting,Method_Extractant,Method_Under_Feature_Search,Method_Electrical_Octet,Method_Pitfall_Traps,Method_Surface_or_Cast_Counting,Method_Other,Data_Incidence,Data_Abundance,Data_Biomass,Data_Taxa,Data_Species_Specific,Data_Climate,Data_Soil,Habitat_Arable,Habitat_Grassland,Habitat_Wooded,Habitat_Wetland_Upland,Habitat_Brownfield,Habitat_Coastal,Habitat_Freshwater_Shoreline,Habitat_Urban,Habitat_Horticulture,Habitat_Other,Habitat_Notes,Natural_Or_Experimental,Spatial_Extent,General_Location,Country,Number_Of_Sites,Plot_Types_Sampled,First_Sampling_Year,Sampling_Years,Notes
A252,1,"Friend, 1891, Naturalist - Earth-worms of the north of England",Friend,Naturalist,Journal,NA,1891,No,Under features; Surface counting,0,0,1,0,0,1,0,1,0,0,1,,0,0,1,1,NA,NA,NA,NA,1,NA,1,1,"River/stream banks; under droppings; in tree stump at 2000 ft or higher on Cross Fell; manure heaps; in fields where dung is used (could be arable or grass, so have included both); under stones near ponds, especially where cattle congregate",Natural,Multiple site-multiple region,Northern England,England,NA,NA,1890,1890,
A251,2,"Friend, 1892d, Naturalist - New Yorkshire earthworms; with an emended list of North British species ",Friend,Naturalist,Journal,NA,1892,No,Under features; Surface counting,0,0,1,0,0,1,0,1,0,0,0,Bimastos rubidus; Dendrobaena octaedra,0,0,NA,NA,NA,NA,NA,NA,1,NA,NA,1,"""Rich soil; on banks of rivers where plenty of vegetable mould occurs; lake at Clumber",Natural,Multiple site-multiple region,Yorkshire,England,NA,NA,NA,NA,
A250,3,"Friend, 1892c, Naturalist - A new Yorkshire earthworm",Friend,Naturalist,Journal,NA,1892,No,Under features; Surface counting,0,0,1,0,0,1,0,1,0,0,0,Octolasion lacteum,0,0,1,1,NA,NA,NA,NA,NA,NA,1,NA,"""In fields and gardens, under clods or stones"" - Fields could be arable or grass, so both included; garden not specified as vegetable/flower bed or lawn, so both include",Natural,Multiple site-multiple region,Yorkshire,England,NA,NA,NA,NA,
A249,4,"Friend, 1892b, Naturalist - On hybridity among worms",Friend,Naturalist,Journal,NA,1892,No,NA,NA,NA,NA,NA,NA,NA,NA,NA,NA,NA,NA,,NA,NA,NA,NA,NA,NA,NA,NA,NA,NA,NA,NA,,NA,NA,NA,NA,NA,NA,NA,NA,Discussion paper
A237,5,"Friend, 1892a, Proceedings of the Royal Irish Academy - On a new species of earth-worm",Friend,Proceedings of the Royal Irish Academy,Journal,NA,1892,No,NA,NA,NA,NA,NA,NA,NA,NA,1,0,0,1,,0,0,0,1,0,0,0,0,0,0,1,0,"""Garden"" - not specified as vegetable/flower bed or lawn, so both have been included",Natural,Single site,Dublin,Republic of Ireland,1,1,1892,1892,
A236,6,"Friend, 1893b, The Irish Naturalist - The earthworms of Ireland",Friend,The Irish Naturalist,Journal,NA,1893,No,NA,NA,NA,NA,NA,NA,NA,NA,1,0,0,1,,0,0,1,1,1,NA,NA,NA,1,1,1,NA,,Natural,Multiple site-multiple region,Republic of Ireland,Republic of Ireland,8,NA,NA,NA,
A235,7,"Friend, 1893a, Proceedings of the Royal Irish Academy - On some new Irish earthworms",Friend,Proceedings of the Royal Irish Academy,Journal,NA,1893,No,NA,NA,NA,NA,NA,NA,NA,NA,1,0,0,1,,0,0,0,1,0,0,0,0,0,0,1,0,"Same collection as in 1892a, therefore ""Garden"" - not specified as vegetable/flower bed or lawn, so both have been included",Natural,Multiple site-single region,Dublin; Malahide,Republic of Ireland,3,NA,1892,1892,Same collection as in 1892a
A248,8,"Friend, 1894, The Irish Naturalist - A new Irish earthworm",Friend,The Irish Naturalist,Journal,NA,1984,No,NA,NA,NA,NA,NA,NA,NA,NA,1,0,0,0,,0,0,NA,NA,NA,NA,NA,NA,NA,NA,NA,NA,,Natural,Single site,"Clonmore, County Clare",Republic of Ireland,1,NA,1893,1893,
A247,9,"Friend, 1895, The Irish Naturalist - A new form of Irish earthworm",Friend,The Irish Naturalist,Journal,NA,1985,Yes,NA,NA,NA,NA,NA,NA,NA,NA,1,0,0,0,Eiseniella tetraedra,0,0,NA,NA,NA,NA,NA,NA,NA,NA,NA,NA,,Natural,Single site,"Mitchelstown Cave, County Tipperary",Republic of Ireland,1,1,1894,1894,
A234,10,"Friend, 1896a, The Irish Naturalist - Earthworms",Friend,The Irish Naturalist,Journal,NA,1896,No,NA,NA,NA,NA,NA,NA,NA,NA,1,0,0,1,,0,0,NA,NA,NA,NA,NA,NA,NA,NA,NA,NA,,Natural,Single site,County Galway,Republic of Ireland,1,NA,NA,NA,
A257,11,"Friend, 1896b, The Irish Naturalist - The Earthworms of Ireland",Friend,The Irish Naturalist,Journal,NA,1896,No,NA,NA,NA,NA,NA,NA,NA,NA,1,0,0,1,,0,0,NA,NA,NA,NA,NA,NA,NA,NA,NA,NA,"No new information provided, really.  Mainly comments opposing the work of a ""Mr Beddard""",Natural_Or_Experimental,Multiple site-multiple region,Republic of Ireland,Republic of Ireland,NA,NA,NA,NA,
A233,12,"Southern, 1909, Proceedings of the Royal Irish Academy - Contributions Towards a Monograph of the British and Irish Oligochaeta",Southern,Proceedings of the Royal Irish Academy,Journal,NA,1909,No,NA,NA,NA,NA,NA,NA,NA,NA,0,0,0,1,,0,0,NA,NA,NA,NA,NA,NA,NA,1,1,1,"At elevations between 1000 and 2000 ft, but also at sea-level; under bark fo fallen trees; botanic gardens; roadside",Natural,Multiple site-multiple region,UK; Republic of Ireland,Republic of Ireland; England; Scotland; Wales; Northern Ireland,NA,NA,NA,NA,
A232,13,"Evans, 1910, Proceedings of the Royal Physical Society of Edinburgh - The Oligochaeta of the Forth area",Evans,Proceedings of the Royal Physcial Society of Edinburgh,Journal,NA,1910,NA,NA,NA,NA,NA,NA,NA,NA,NA,NA,NA,NA,NA,,NA,NA,NA,NA,NA,NA,NA,NA,NA,NA,NA,NA,,NA,NA,NA,Scotland,NA,NA,NA,NA,
A246,14,"Friend, 1910, The Irish Naturalist - Luminous worms in Ireland",Friend,The Irish Naturalist,Journal,NA,1910,No,NA,NA,NA,NA,NA,NA,NA,NA,1,0,0,0,Microscolex phosphoreus,0,0,0,1,0,1,0,0,0,0,1,1,"""Garden and lawn"" - not specified to mean veg/flower bed, so have included this along with grassland; ""bogs""",Natural,Multiple site-multiple region,Ireland; Liverpool; Worcester,Republic of Ireland; England,3,3,1843,1843; 1853; 1897,
A245,15,"Friend, 1911, Naturalist - Annelid fauna of Cumberland",Friend,Naturalist,Journal,NA,1911,No,Under features; Surface counting,0,0,1,0,0,1,0,1,0,0,1,,0,0,0,1,0,0,0,0,0,0,1,1,"""Gardens"" - not specified as vegetable/flower bed or lawn, both included; ""high up on Skiddaw/Catbells""; ""in peat that has been dug and stored""; ""roadside (road scrapings?)""; ""under suitable stone or heap of scrapings""; ""manure heaps""; ""tree stumps""",Natural,Multiple site-multiple region,Cumbria,England,NA,NA,1890,1890-1911,
A244,16,"Friend, 1912, Naturalist - Oligochaets of Great Britain and Ireland",Friend,Naturalist,Journal,NA,1912,No,NA,NA,NA,NA,NA,NA,NA,NA,1,0,0,1,,0,0,NA,NA,NA,NA,NA,NA,NA,NA,NA,NA,,Natural,Multiple site-multiple region,Great Britain; Ireland,Republic of Ireland; England; Scotland; Wales; Northern Ireland,NA,NA,NA,NA,
A243,17,"Friend, 1913, The Zoologist - Some Jersey Oligochaets",Friend,The Zoologist,Journal,NA,1913,No,Under features; Surface counting,0,0,1,0,0,1,0,1,0,0,1,,0,0,0,1,0,0,0,1,1,1,1,1,"""Broodsides, roadside banks where damp oozes out...half rotted potato haulms, manure, dead leaves, amongst roots of plants, moss; garden [not specified as vegetable/flower bed or lawn, so both included]; border of the beach; a cave; lakeshore; riverbank""",Natural,Multiple site-multiple region,Jersey,Jersey,NA,NA,NA,NA,
A231,18,"Southern, 1913, Proceedings of the Royal Irish Academy - Part 48. Oligochaeta in A Biological Survey of Clare Island in the County of Mayo, Ireland and of the Adjoining District",Southern,Proceedings of the Royal Irish Academy,Journal,NA,1913,No,NA,NA,NA,NA,NA,NA,NA,NA,1,NA,NA,1,,0,0,NA,NA,NA,NA,NA,NA,1,NA,NA,1,"""In weeds from stream; in damp soil; near quay; in soil""; hill summits; ",Natural,Multiple site-single region,Clare Island,Republic of Ireland,NA,NA,1909,1909,
A230,19,"Friend, 1913, The Irish Naturalist - Notes on Dublin Oligochaets",Friend,The Irish Naturalist,Journal,NA,1913,No,NA,NA,NA,NA,NA,NA,NA,NA,1,0,0,1,,0,0,NA,NA,NA,NA,NA,NA,NA,NA,NA,NA,,NA,Multiple site-multiple region,NA,Republic of Ireland,8,NA,NA,NA,
A229,20,"Evans, 1946, Annals and Magazine of Natural History - X. A new species of earthworm of the genus Allolobophora",Evans,Annals and Magazine of Natural History,Journal,10.1080/00222934608654527,1946,No,NA,NA,NA,NA,NA,NA,NA,NA,1,0,0,1,,0,0,NA,NA,NA,NA,NA,NA,NA,NA,NA,NA,,NA,NA,Rothamsted,England,NA,NA,NA,NA,
A228,21,"Evans and Guild, 1947, Annals of Applied Biology - Studies on the relationships between earthworms and soil fertility: I. Biological studies in the field",Evans,Annals of Applied Biology,Journal,10.1111/j.1744-7348.1947.tb06367.x,1947,No,Extractant; Counting casts,0,1,0,0,0,1,0,1,1,0,1,,0,1,1,1,1,0,0,0,0,0,0,0,,Natural,Multiple site-multiple region,Rothamsted; Stirling,England; Scotland,2,11,1945,1945-1946,
A227,22,"Cernosvitov and Evans, 1947, Linnean Society London - Synposes of the British Fauna, No.6 - Lumbricidae (Annelida) with a key to the common species",Cernosvitov,Report,Report,NA,1947,NA,NA,NA,NA,NA,NA,NA,NA,NA,NA,NA,NA,NA,,NA,NA,NA,NA,NA,NA,NA,NA,NA,NA,NA,NA,,NA,NA,NA,NA,NA,NA,NA,NA,
A226,23,"Guild, 1948, Annals of Applied Biology - Studies on the relationship between earthworms and soil fertility III. The effect of soil type on the structure of earthworm populations",Guild,Annals of Applied Biology,Journal,10.1111/j.1744-7348.1948.tb07360.x,1948,No,Extractant,0,1,0,0,0,0,0,1,1,0,1,,0,0,0,1,0,0,0,0,0,0,0,0,,Natural,Multiple site-multiple region,Stirlingshire; Perthshire,Scotland,3,13,1945,1945-1946,
A225,24,"Guild, 1951b, Annals and Magazine of Natural History - The Lumbricidae in upland areas. I. Population variation in a small glen",Guild,Annals and Magazine of Natural History,Journal,10.1080/00222935108654192,1951,No,Extractant,0,1,0,0,0,0,0,1,1,0,1,,0,0,0,1,0,0,0,0,0,0,0,0,,Natural,Single site,SE Scotland,Scotland,1,8,1950,1950,
A224,25,"Guild, 1951a, Journal of Animal Ecology - The distribution and population density of earthworms (Lumbricidae) in Scottish pasture fields",Guild,Journal of Animal Ecology,Journal,10.2307/1647,1951,No,Extractant,0,1,0,0,0,0,0,1,1,0,1,,0,0,0,1,0,0,0,0,0,0,0,0,,Natural,Multiple site-single region,SE Scotland,Scotland,17,31,1948,1948-1949,
A223,26,"Guild, 1952, Annals and Magazine of Natural History - The Lumbricidae in upland areas. II. Population variation in hill pasture",Guild,Annals and Magazine of Natural History,Journal,10.1080/00222935208654293,1952,No,Extractant,0,1,0,0,0,0,0,1,1,0,1,,0,0,0,1,0,0,0,0,0,0,0,0,,Natural,Single site,SE Scotland,Scotland,1,3,1950,1950,
A222,27,"Reynoldson, 1955, North Western Naturalist - Observations on the earthworms of North Wales",Reynoldson,North Western Naturalist,Journal,NA,1955,Yes,Hand-sorting,1,0,0,0,0,0,0,1,1,1,1,,0,1,1,1,1,0,0,1,0,0,0,1,,Natural,Multiple site-single region,North Wales,Wales,8,8,1950,1950-1955,
A221,28,"Reynoldson et al., 1955, Bardsey Observatory Report - Observations on the earthworms of Bardsey",Reynoldson,Report,Report,NA,1955,No,Hand-sorting; Other,1,0,0,0,0,0,1,1,1,1,1,,0,1,1,1,0,0,0,1,0,0,0,1,,Natural,Multiple site-single region,Bardsey,Wales,3,3,1955,1955,
A220,29,"Boyd, 1956, The Scottish Naturalist - The Lumbricidae in the Hebrides II. Geographical Distribution",Boyd,The Scottish Naturalist,Journal,NA,1956,No,NA,NA,NA,NA,NA,NA,NA,1,1,0,0,1,,0,0,1,1,0,1,0,1,0,0,0,1,,Natural,Multiple site-single region,Hebrides,Scotland,NA,NA,NA,NA,
A219,30,"Boyd, 1956, Annals and Magazine of Natural History - The Lumbricidae of Hirta, St. Kilda",Boyd,Annals and Magazine of Natural History,Journal,10.1080/00222935608655735,1956,No,Hand-sorting,1,0,0,0,0,0,0,1,1,1,1,,0,0,NA,1,NA,1,NA,NA,NA,NA,1,NA,"""under stones and rotting wood, in disused middens, and by digging in the meadows""; sheep fanks (grassland?); manse precincts; ""upper hill slopes"" (moorland)",Natural,Multiple site-single region,"Hirta, St Kilda",Scotland,2,3,1952,1952; 1955,
A218,31,"Boyd, 1957, Proceedings of the Royal Society of Edinburgh, Section B: Biological Sciences - XVI. Ecological Distribution of the Lumbricidae in the Hebrides",Boyd,Proceedings of the Royal Society of Edinburgh,Journal,10.1017/S0080455X00010080,1957,No,Extractant; Hand-sorting; Under features,1,1,1,0,0,0,0,1,1,0,1,,0,1,1,1,0,0,0,1,0,0,0,0,,Natural,Multiple site-multiple region,Hebrides,Scotland,10,52,1952,1952-1955,
A217,32,"Svendsen, 1957, Journal of Animal Ecology - The distribution of Lumbricidae in an Area of Pennine Moorland (Moor House Nature Reserve)",Svendsen,Journal of Animal Ecology,Journal,10.2307/1756,1957,No,Hand-sorting,1,0,0,0,0,0,0,1,1,0,1,,0,0,0,0,0,1,0,0,0,0,0,0,,Natural,Single site,Moorhouse,England,1,18,NA,NA,
A216,33,"Boyd, 1958, Journal of Animal Ecology - The ecology of earthworms in cattle-grazed Machair in Tiree, Argyll",Boyd,Journal of Animal Ecology,Journal,10.2307/2179,1958,No,Extractant,0,1,0,0,0,0,0,1,1,0,1,,1,1,0,1,0,0,0,0,0,0,0,0,,Natural,Single site,Argyll,Scotland,1,2,1954,1954-1955,
A254,34,"Gates, 1958, Annals and Magazine of Natural History, On endemicity of earthworms in the British Isles with notes on nomenclature, taxonomy and biology (Oligochaeta : Lumbricidae)",Gates,Annals and Magazine of Natural History,Journal,10.1080/00222935808651140,1958,NA,NA,NA,NA,NA,NA,NA,NA,NA,NA,NA,NA,NA,,NA,NA,NA,NA,NA,NA,NA,NA,NA,NA,NA,NA,,NA,NA,NA,NA,NA,NA,NA,NA,
A215,35,"Raw and Lofty, 1959, Rep. Rothamsted expo Stn. for 1958 - Earthworm populations in orchards",Raw,Report,Report,10.23637/ERADOC-1-92,1959,No,Extractant,0,1,0,0,0,0,0,1,0,0,0,Lumbricus terrestris,0,0,0,1,1,0,0,0,0,0,0,0,,Natural,Multiple site-multiple region,Cambridgeshire; Lancashire; Northumberland; Rothamsted,England,4,NA,1959,1959,
A214,36,"Raw, 1959, Nature - Estimating earthworm populations by using formalin",Raw,Nature,Journal,10.1038/1841661a0,1959,No,Extractant; Hand-sorting,1,1,0,0,0,0,0,1,1,1,1,,0,0,0,0,1,0,0,0,0,0,0,0,,Natural,Single site,Cambridgeshire,England,2,2,NA,NA,
A213,37,"Davies, 1959, Proceedings of the Bristol Naturalists' Society - A revised list of the lumbricids found in the Bristol district",Davies,Proceedings of the Bristol Naturalists' Society,Journal,NA,1959,No,NA,NA,NA,NA,NA,NA,NA,NA,1,0,0,1,,0,0,1,1,NA,NA,1,NA,NA,NA,1,1,"""gardens; cultivated land; ditches; aquatic and septic locations; farm land; Commons; meadows; rotting debris; compost heaps; habitats contaminated by sewage; in caves; manure heaps and manured soil; vegetable refuse; water-saturated locations (waterlogged cow track); pasture land; grassy edge of disused quarry""",Natural,Multiple site-single region,Bristol,England,NA,NA,NA,NA,
A212,38,"Heath, 1962, Grass and Forage Science - The influence of ley management on earthworm populations",Heath,Grass and Forage Science,Journal,10.1111/j.1365-2494.1962.tb00305.x,1962,No,Hand-sorting,1,0,0,0,0,0,0,1,1,1,1,,0,0,1,1,0,0,0,0,0,0,0,0,,Experimental,Single site,Berkshire,England,1,10,1953,1953-1956,
A253,39,"Gerard, 1964, Synopses of the British Fauna, Lumbricidae (annelida) with keys and descriptions",Gerard,Synopses of the British Fauna,Book,NA,1964,NA,NA,NA,NA,NA,NA,NA,NA,NA,NA,NA,NA,NA,,NA,NA,NA,NA,NA,NA,NA,NA,NA,NA,NA,NA,,NA,NA,NA,NA,NA,NA,NA,NA,
A211,40,"Reynoldson, 1966, Rep. Welsh Soils Discussion Group - The ecology of earthworms with special reference to North Wales habitats",Reynoldson,Rep. Welsh Soils Discussion Group,NA,NA,1966,Yes,Hand-sorting,1,0,0,0,0,0,0,1,1,1,1,,0,0,1,1,1,0,0,1,0,0,0,0,,Natural,Multiple site-single region,North Wales,Wales,9,9,1964,1964,
A210,41,"Watkin and Wheeler, 1966, Grass and Forage Science - Some factors affecting earthworm populations under pasture",Watkin,Grass and Forage Science,Journal,10.1111/j.1365-2494.1966.tb00441.x,1966,No,Hand-sorting,1,0,0,0,0,0,0,1,1,1,1,,0,0,0,1,0,0,0,0,0,0,0,0,,Experimental,Multiple site-multiple region,Kent,England,2,6,1952,1952-1955,
A209,42,"Gerard, 1967, Journal of Animal Ecology - Factors affecting earthworms in pastures",Gerard,Journal of Animal Ecology,Journal,NA,1967,NA,NA,NA,NA,NA,NA,NA,NA,NA,NA,NA,NA,NA,,NA,NA,NA,NA,NA,NA,NA,NA,NA,NA,NA,NA,,NA,NA,NA,NA,NA,NA,NA,NA,
A208,43,"Piearce, 1972b, Nature in Wales - A note on the earthworm fauna of North Wales",Piearce,Nature in Wales,Journal,NA,1972,No,NA,NA,NA,NA,NA,NA,NA,NA,1,0,0,1,,0,0,0,1,1,0,0,0,0,0,1,0,"""Rich garden soil"" - assumed to be vegetable or flower bed.  Other habitat types also listed",Natural,Multiple site-multiple region,North Wales,Wales,3,3,NA,NA,
A207,44,"Piearce, 1972a, Journal of Animal Ecology - Acid intolerant and ubiquitous Lumbricidae in selected habitats in North Wales",Piearce,Journal of Animal Ecology,Journal,10.2307/3476,1972,Yes,Hand-sorting,1,0,0,0,0,0,0,1,1,1,1,,0,1,0,1,1,1,0,1,0,0,0,0,,Natural,Multiple site-single region,North Wales,Wales,6,9,NA,NA,
A206,45,"Feare et al., 1974, Journal of Applied Ecology - Ecological Studies of the Rook (Corvus frugilegus L.) in North-East Scotland: Food Intake and Feeding Behaviour",Feare,Journal of Applied Ecology,Journal,10.2307/2401751,1974,No,Hand-sorting,1,0,0,0,0,0,0,1,1,1,0,,0,0,0,1,0,0,0,0,0,0,0,0,,Natural,Multiple site-single region,Aberdeenshire,Scotland,4,4,1968,1968-1971,
A205,46,"Edwards, 1975, Outlook on Agriculture - Effects of direct drilling on the soil fauna",Edwards,Outlook on Agriculture,Journal,10.1177/003072707500801S09,1975,No,NA,NA,NA,NA,NA,NA,NA,NA,0,1,0,0,Lumbricus terrestris; Others,0,0,1,0,0,0,0,0,0,0,0,0,,Experimental,Multiple site-multiple region,"Woburn, Rothamsted; Cambridgeshire",England,3,6,1971,1971-1973,
A204,47,"Curry, 1976, Pedobiologia - Some effects of animal manures on earthworms in grassland",Curry,Pedobiologia,Journal,NA,1976,No,Extractant,0,1,0,0,0,0,0,1,1,1,1,,1,1,0,1,0,0,0,0,0,0,0,0,,Experimental,Single site,County Meath,Republic of Ireland,1,8,1972,1974,
A203,48,"Phillipson et al., 1976, Pedobiologia - Earthworms and the factors governing their distribution in an English beechwood",Phillipson,Pedobiologia,Journal,NA,1976,NA,NA,NA,NA,NA,NA,NA,NA,NA,NA,NA,NA,NA,,NA,NA,NA,NA,NA,NA,NA,NA,NA,NA,NA,NA,,NA,NA,NA,England,NA,NA,NA,NA,
A202,49,"Cotton, 1977, Bulletin of the Irish Biogeographical Society - Observations on the biogeography of lumbricid earthworms",Cotton,Bulletin of the Irish Biogeographical Society,Journal,NA,1977,NA,NA,NA,NA,NA,NA,NA,NA,NA,NA,NA,NA,NA,,NA,NA,NA,NA,NA,NA,NA,NA,NA,NA,NA,NA,,NA,NA,NA,NA,NA,NA,NA,NA,
A201,50,"Cotton, 1978b, Irish Naturalists Journal - Earthworm Survey",Cotton,Irish Naturalists Journal,Journal,NA,1978,NA,NA,NA,NA,NA,NA,NA,NA,NA,NA,NA,NA,NA,,NA,NA,NA,NA,NA,NA,NA,NA,NA,NA,NA,NA,,NA,NA,NA,NA,NA,NA,NA,NA,
A200,51,"Kruuk, 1978, Behavioural Ecology and Sociobiology - Foraging and spatial organisation of the European badger, Meles meles L. ",Kruuk,Behavioural Ecology and Sociobiology,Journal,10.1007/BF00302562,1978,No,Extractant; counting at night,0,1,0,0,0,1,0,1,1,1,0,Lumbricus terrestris; Others,0,0,1,1,1,0,0,0,0,0,0,0,,Natural,Multiple site-single region,Wytham Woods,England,1,4,1973,1973-1975,
A199,52,"Cotton, 1978a, Irish Naturalists Journal - A revision of the Irish Earthworms (Oligochaeta: Lumbricidae) with the addition of two species",Cotton,Irish Naturalists Journal,Journal,NA,1978,No,NA,NA,NA,NA,NA,NA,NA,NA,1,0,0,1,,0,0,0,1,0,0,0,0,0,0,0,0,,Natural,Single site,County Wexford,Republic of Ireland,1,1,NA,NA,
A198,53,"Phillipson et al., 1978, Oecologia - Earthworm numbers, biomass and respiratory metabolism in a beech woodland-Wytham Woods, Oxford",Phillipson,Oecologia,Journal,10.1007/BF00348115,1978,Yes,Hand-sorting + Extractant,1,1,0,0,0,0,0,1,1,1,1,,0,NA,0,0,1,0,0,0,0,0,0,0,,Natural,Single site,Wytham Woods,England,1,1,1971,1971-1973,
A256,54,"Piearce & Piearce, 1979, Journal of Applied Ecology - Responses of Lumbricidae to saline inundation",Piearce,Journal of Applied Ecology,Journal,10.2307/2402522,1979,Yes,Hand-sorting; Extractant,1,1,0,0,0,0,0,1,1,1,1,,0,1,0,1,0,0,0,0,0,0,0,0,,Natural,Multiple site-single region,Lancaster,England,2,10,1978,1978,
A197,55,"Barnes and Ellis, 1979, European Journal of Soil Science - Effects of different methods of cultivation and direct drilling, and disposal of straw residues, on populations of earthworms",Barnes,European Journal of Soil Science,Journal,10.1111/j.1365-2389.1979.tb01016.x,1979,No,Hand-sorting + Extractant,1,1,0,0,0,0,0,0,1,0,0,Lumbricus terrestris; Aporrectodea longa; Aporrectodea nocturna; Aporrectodea caliginosa; Allolobophora chlorotica; Aporrectodea rosea,0,0,1,0,0,0,0,0,0,0,0,0,,Experimental,Multiple site-multiple region,Berkshire; Oxfordshire,England,4,5,1971,1971-1973,
A196,56,"Gerard and Hay, 1979, The Journal of Agricultural Science - The effect on earthworms of ploughing, tined cultivation, direct drilling and nitrogen in a barley monoculture system",Gerard,The Journal of Agricultural Science,Journal,10.1017/S0021859600086238,1979,No,Extractant,0,1,0,0,0,0,0,1,1,1,1,,1,1,1,0,0,0,0,0,0,0,0,0,,Experimental,Single site,Edinburgh,Scotland,1,32,1969,1969; 1973,
A195,57,"Cotton, 1979, Irish Naturalists Journal - Aporrectodea icterica (Savigny, 1826): an earthworm new to Ireland",Cotton,Irish Naturalists Journal,Journal,NA,1979,Yes,NA,NA,NA,NA,NA,NA,NA,NA,0,0,0,0,Aporrectodea icterica ,0,0,0,0,0,0,0,0,0,1,0,0,Rugby Field,Natural,Single site,County Down; Cambridge;  Rothamsted; London; Essex; Surrey; Birmingham; Merionethshire,Northern Ireland; England; Wales,8,8,1978,1978,
A194,58,"Standen, 1979, Oecologia - Factors affecting the distribution of lumbricids (Oligochaeta) in associations at peat and mineral sites in northern England",Standen,Oecologia,Journal,10.1007/BF00346599,1979,Yes,Pitfall traps; Extractant,0,1,0,0,1,0,0,1,1,0,1,,0,1,0,0,0,1,0,0,0,0,0,0,,Natural,Multiple site-multiple region,North Pennines,England,41,41,1977,1977-1978,
A193,59,"Wright and Stringer, 1980, Environmental Pollution - Lead, zinc and cadmium content of earthworms from pasture in the vicinity of an industrial smelting complex",Wright,Environmental Pollution,Journal,10.1016/0143-1471(80)90073-2,1980,Yes,Extractant,0,1,0,0,0,0,0,1,1,0,1,,0,1,0,1,0,0,0,0,0,0,0,1,Apple Orchard,Natural,Multiple site-single region,Somerset,England,2,2,NA,NA,
A192,60,"Tracey, 1980, MSc Thesis - Some comparative effects of earthworms and leather jackets on upland improved soils",Tracey,MSc Thesis,Thesis,NA,1980,Yes,Hand-sorting,1,0,0,0,0,0,0,1,1,1,1,,1,1,0,1,0,0,0,0,0,0,0,0,,Natural,Multiple site-multiple region,Cumbria; Durham,England,2,9,1980,1980,
A191,61,"Ash and Lee, 1980, Environmental Pollution - Lead, cadmium, copper and iron in earthworms from roadside sites",Ash,Environmental Pollution,Journal,10.1016/0143-1471(80)90082-3,1980,Yes,Extractant,0,1,0,0,0,0,0,0,0,0,0,Lumbricus terrestris; Lumbricus rubellus; Allolobophora chlorotica,0,0,0,0,0,0,0,0,0,1,0,0,"Roadside (heavily used and also little used, incl. grass verges); recreational field in Leeds",Natural,Multiple site-multiple region,West Yorkshire; Oban,England; Scotland,5,5,1977,1977,
A190,62,"Cotton and Curry, 1980b, Pedobiologia - The response of earthworm populations (Oligochaeta, Lumbricidae) to high applications of pig slurry",Cotton,Pedobiologia,Journal,NA,1980,No,Extractant,0,1,0,0,0,0,0,1,1,1,1,,0,0,0,1,0,0,0,0,0,0,0,0,,Experimental,Multiple site-multiple region,South-East Ireland,Republic of Ireland,12,3,1977,1977-1978,
A189,63,"Cotton and Curry, 1980a, Pedobiologia - The effects of cattle and pig slurry fertilizers on earthworms (Oligochaeta, Lumbricidae) in grassland managed for silage production",Cotton,Pedobiologia,Journal,NA,1980,No,Extractant,0,1,0,0,0,0,0,1,1,1,1,,1,1,0,1,0,0,0,0,0,0,0,0,,Experimental,Single site,"Johnstown Castle, County Wexford",Republic of Ireland,1,3,1976,1976-1977,
A188,64,"Edwards, 1980, Interactions between agricultural practice and earthworms. In Soil Biology as Related to Land Use Practices (ed. D. L. Dindal), Proc. VIIth Int. Coli. Soil Zool., E.P.A. Washington DC, 3-12",Edwards,Book,Book,NA,1980,NA,NA,NA,NA,NA,NA,NA,NA,NA,NA,NA,NA,NA,,NA,NA,NA,NA,NA,NA,NA,NA,NA,NA,NA,NA,,NA,NA,NA,NA,NA,NA,NA,NA,
A187,65,"Edwards and Lofty, 1980, Journal of Applied Ecology - Effects of Earthworm Inoculation Upon the Root Growth of Direct Drilled Cereals",Edwards,Journal of Applied Ecology,Journal,10.2307/2402635,1980,No,Extractant,0,1,0,0,0,0,0,0,0,0,1,,0,0,1,0,0,0,0,0,0,0,0,0,,Experimental,Single site,Cambridgeshire,England,1,4,1978,1978,
A186,66,"Satchell, 1980b, Soil Biology & Biogeochemistry - Earthworm populations of experimental birch plots on a Calluna podzol",Satchell,Soil Biology & Biogeochemistry,Journal,10.1016/0038-0717(80)90002-4,1980,Yes,Extractant; Surface counting; Earthworm traps,0,1,0,0,1,1,0,1,1,0,1,,0,1,0,0,1,1,0,0,0,0,0,0,,Experimental,Single site,North York Moors,England,1,5,1956,1956-1958; 1975,
A185,67,"Satchell, 1980a, Soil Biology & Biogeochemistry - Potential of the Silpho Moor experimental birch plots as a habitat for Lumbricus terrestris",Satchell,Soil Biology & Biogeochemistry,Journal,10.1016/0038-0717(80)90003-6,1980,Yes,Extractant,0,1,0,0,0,0,0,,,1,1,,0,1,0,0,1,0,0,0,0,0,0,0,,Natural,Multiple site-single region,North York Moors,England,4,4,1977,1977,
A184,68,"Satchell, 1980, Pedobiologia - The earthworm populations of experimental Betula plots on a Calluna podzol",Satchell,Pedobiologia,Journal,NA,1980,NA,NA,NA,NA,NA,NA,NA,NA,NA,NA,NA,NA,NA,,NA,NA,NA,NA,NA,NA,NA,NA,NA,NA,NA,NA,,NA,NA,NA,NA,NA,NA,NA,NA,Discussion paper
A183,69,"Cotton and Curry, 1982, Soil Biology & Biogeochemistry - Earthworm distribution and abundance along a mineral-peat transect",Cotton,Soil Biology & Biogeochemistry,Journal,10.1016/0038-0717(82)90026-8,1982,Yes,Extractant; Hand-sorting,1,1,0,0,0,0,0,1,1,1,1,,1,1,0,1,0,0,0,0,0,0,0,0,,Natural,Single site,Dublin,Republic of Ireland,1,4,1978,1978-1980,
A182,70,"Standen et al., 1982, Pedobiologia - Lumbricid populations in open cast reclamation sites and colliery spoil heaps in County Durham, U.K.",Standen,Pedobiologia,Journal,NA,1982,No,Extractant,0,1,0,0,0,0,0,1,1,1,1,,0,1,0,1,1,0,1,0,0,0,0,0,,Natural,Multiple site-multiple region,County Durham,England,5,18,NA,NA,"Sampled between 1979 and 1982, but exact year not given"
A181,71,"Edwards and Lofty, 1982b, Soil Biology & Biogeochemistry - Nitrogenous fertilizers and earthworm populations in agricultural soils",Edwards,Soil Biology & Biogeochemistry,Journal,10.1016/0038-0717(82)90112-2,1982,No,Extractant,0,1,0,0,0,0,0,1,1,1,1,,0,0,1,1,0,0,0,0,0,0,0,0,,Experimental,Multiple site-single region,Rothamsted; Hertfordshire,England,4,19,1959,1959; 1974; 1979; 1980,
A180,72,"Edwards and Lofty, 1982a, Journal of Applied Ecology - The Effect of Direct Drilling and Minimal Cultivation on Earthworm Populations",Edwards,Journal of Applied Ecology,Journal,10.2307/2403277,1982,No,Extractant,0,1,0,0,0,0,0,1,1,0,1,,0,0,1,0,0,0,0,0,0,0,0,0,,Both,Multiple site-multiple region,Woburn; Cambridgeshire; Rothamsted; Norfolk; Sussex,England,5,25,1971,1971-1979,
A179,73,"Piearce, 1982, Pedobiologia - Recovery of earthworm populations following salt-water flooding",Piearce,Pedobiologia,Journal,NA,1982,Yes,Hand-sorting; Extractant,1,1,0,0,0,0,0,1,1,1,1,,0,0,0,1,0,0,0,0,0,0,0,0,,Natural,Multiple site-single region,Lancaster,England,2,10,1978,1978; 1981,
A178,74,"Curry and Cotton, 1983, Earthworm Ecology - Chapter 18 Earthworms and land reclamation",Curry,Book,Book,NA,1983,No,NA,NA,NA,NA,NA,NA,NA,NA,1,1,0,1,,0,0,0,1,0,1,0,0,0,0,0,0,,Natural,Multiple site-multiple region,Ireland-wide,Republic of Ireland,24,24,1978,1978,
A177,75,"Baker, 1983, Holarctic Ecology - Distribution, abundance and species associations of earthworms (Lumbricidae) in a reclaimed peat soil in Ireland",Baker,Holarctic Ecology,Journal,NA,1983,No,Hand-sorting; Extractant,1,1,0,0,0,0,0,1,1,1,1,,1,1,0,1,0,0,0,0,0,0,0,0,,Natural,Single site,County Offaly,Republic of Ireland,1,1,1978,1978-1980,
A176,76,"Cuendet, 1984, Pedobiologia - A comparative study of the earthworm population of four different woodland types in Wytham woods, Oxford",Cuendet,Pedobiologia,Journal,NA,1984,No,Hand-sorting; Extractant,1,1,0,0,0,0,0,1,1,1,1,,0,1,0,0,1,0,0,0,0,0,0,0,,Natural,Multiple site-single region,Wytham Woods,England,1,4,1981,1981,
A175,77,"Lee, 1985 - Earthworms: their ecology and relationships with soils and land use",Lee,Book,Book,NA,1985,NA,NA,NA,NA,NA,NA,NA,NA,NA,NA,NA,NA,NA,,NA,NA,NA,NA,NA,NA,NA,NA,NA,NA,NA,NA,,NA,NA,NA,NA,NA,NA,NA,NA,
A174,78,"Rushton, 1986, Pedobiologia - Development of earthworm populations on pasture land reclaimed from open-cast coal mining",Rushton,Pedobiologia,Journal,NA,1986,No,Extractant,0,1,0,0,0,0,0,1,1,1,0,,0,1,0,1,0,0,1,0,0,0,0,0,,Natural,Multiple site-single region,Northumberland,England,4,6,1982,1982-1983,
A173,79,"Morgan and Morgan, 1988, Environmental Pollution - Calcium-lead interactions involving earthworms. Part 2: The effect of accumulated lead on endogenous calcium in Lumbricus rubellus",Morgan,Environmental Pollution,Journal,10.1016/0269-7491(88)90158-3,1988,Yes,NA,NA,NA,NA,NA,NA,NA,NA,0,0,0,0,Lumbricus rubellus,0,0,0,1,0,0,1,0,0,0,0,0,,Natural,Multiple site-multiple region,Mid Wales; South Wales,Wales,3,3,NA,NA,
A172,80,"Hofer, 1988, Mammal Reviews - Variation in resource presence, utilization and reproductive success within a population of European Badgers (Meles meles)",Hofer,Mammal Reviews,Journal,10.1111/j.1365-2907.1988.tb00068.x,1988,No,Extractant,0,1,0,0,0,0,0,0,0,0,0,Lumbricus terrestris,0,1,1,1,1,0,0,0,0,0,0,0,,Natural,Multiple site-single region,Wytham Woods,England,38,38,1982,1982-1983,
A171,81,"Blackshaw, 1989, Biological Agriculture and Horticulture - The effects of a calcareous seaweed product on earthworms in grassland soil",Blackshaw,Biological Agriculture and Horticulture,Journal,10.1080/01448765.1989.9754499,1989,No,Extractant,0,1,0,0,0,0,0,1,1,1,1,,0,0,0,1,0,0,0,0,0,0,0,0,,Experimental,Single site,Belfast,Northern Ireland,1,5,1984,1984-1987,
A170,82,"Morgan and Morgan, 1990, Oecologia - The distribution of cadmium, copper, lead, zinc and calcium in the tissues of the earthworm Lumbricus rubellus sampled from one uncontaminated and four polluted soils ",Morgan,Oecologia,Journal,10.1007/BF00328174,1990,Yes,Hand-sorting,1,0,0,0,0,0,0,0,0,0,0,Lumbricus rubellus,0,1,0,1,0,0,1,0,0,0,0,0,,Natural,Multiple site-multiple region,Wales; Staffordshire,Wales; England,5,5,NA,NA,
A169,83,"Corp and Morgan, 1991, Environmental Pollution - Accumulation of heavy metals from polluted soils by the earthworm, Lumbricus rubellus: Can laboratory exposure of 'control' worms reduce biomonitoring problems?",Corp,Environmental Pollution,Journal,10.1016/0269-7491(91)90025-R,1991,Yes,Hand-sorting,1,0,0,0,0,0,0,0,0,0,0,Lumbricus rubellus,0,0,0,1,0,0,1,0,0,0,0,0,,Natural,Multiple site-multiple region,Wales; Shropshire,Wales; England,11,11,1988,1988,
A168,84,"Scullion and Mohammed, 1991, Journal of Agricultural Science - Effects of subsoiling and associated incorporation of fertilizer on soil rehabilitation after opencast mining for coal",Scullion,Journal of Agricultural Science,Journal,10.1017/S0021859600077674,1991,Yes,Hand-sorting; Extractant,1,1,0,0,0,0,0,1,1,1,1,,0,1,0,1,0,0,1,0,0,0,0,0,,Experimental,Single site,South Wales,Wales,1,3,1987,1987,
A167,85,"Clements et al., 1991, Agriculture, Ecosystems and Environment - The impact of 20 years' absence of earthworms and three levels of N fertilizer on a grassland soil environment",Clements,"Agriculture, Ecosystems and Environment",Journal,10.1016/0167-8809(91)90037-X,1991,Yes,Extractant,0,1,0,0,0,0,0,1,1,0,0,,0,1,0,1,0,0,0,0,0,0,0,0,,Experimental,Single site,Berkshire,England,1,5,1972,1972-1979; 1989,
A166,86,"Robinson et al., 1992b, Journal of Applied Ecology - Nitrogen Mobilization by Earthworms in Limed Peat Soils Under Picea sitchensis",Robinson,Journal of Applied Ecology,Journal,10.2307/2404365,1992,No,Hand-sorting; Extractant,1,1,0,0,0,0,0,0,0,0,0,Aporrectodea caliginosa; Lumbricus rubellus; Lumbricus terrestris,0,0,0,1,1,0,0,0,0,0,0,0,,Natural,Multiple site-single region,Cumbria,England,1,0,1987,1987-1988,
A165,87,"Cotton, 1992, Irish Naturalists Journal - Dendrobaena attemsi (Michaelsen, 1902) and Microscolex phosporeus (Duges, 1837), two earthworms new to Ireland",Cotton,Irish Naturalists Journal,Journal,NA,1992,Yes,Under features,0,0,1,0,0,0,0,0,0,0,0,Dendrobaena attemsi; Microscolex phosphoreus,0,0,0,0,1,0,0,0,0,0,1,0,"""under pieces of discarded wood lying on top of farmyard manure""; woodland",Natural,Multiple site-multiple region,County Donegal; Dublin,Republic of Ireland,2,2,1979,1979,
A164,88,"Tucker, 1992, Journal of Applied Ecology -  Effects of agricultural practices on field use by invertebrate-feeding birds in winter",Tucker,Journal of Applied Ecology,Journal,10.2307/2404488,1992,No,Freezing + Washing + Flotation,0,0,0,0,0,0,1,1,1,1,0,,0,0,1,1,0,0,0,0,0,0,0,0,,Natural,Multiple site-single region,Buckinghamshire,England,62,62,1987,1987-1988,
A163,89,"Knight et al., 1992, Soil Biology & Biogeochemistry - The role of earthworms in managed, permanent pastures in Devon, England",Knight,Soil Biology & Biogeochemistry,Journal,10.1016/0038-0717(92)90142-K,1992,No,Hand-sorting,1,0,0,0,0,0,0,1,1,1,0,,0,1,0,1,0,0,0,0,0,0,0,0,,Experimental,Single site,Devon,England,1,6,NA,NA,
A162,90,"Curry and Byrne, 1992, Soil Biology & Biogeochemistry - The role of earthworms in straw decomposition and nitrogen turnover in arable land in Ireland",Curry,Soil Biology & Biogeochemistry,Journal,10.1016/0038-0717(92)90125-H,1992,No,Hand-sorting,1,0,0,0,0,0,0,1,1,1,1,,1,0,1,0,0,0,0,0,0,0,0,0,,Natural,Single site,County Kildare,Republic of Ireland,1,1,1987,1987-1989,
A161,91,"Robinson et al., 1992a, Forest Ecology and Management - Earthworm communities of limed coniferous soils: Field observations and implications for forest management",Robinson,Forest Ecology and Management,Journal,10.1016/0378-1127(92)90096-R,1992,Yes,Hand-sorting,1,0,0,0,0,0,0,1,1,1,1,,0,1,0,0,1,0,0,0,0,0,0,0,,Experimental,Multiple site-multiple region,Cumbria; County Fermanagh,England; Northern Ireland,2,8,1989,1989,
A160,92,"Morgan and Morgan, 1993, Environmental Pollution - Seasonal changes in the tissue-metal (Cd, Zn and Pb) concentrations in two ecophysiologically dissimilar earthworm species: pollution-monitoring implications",Morgan,Environmental Pollution,Journal,10.1016/0269-7491(93)90155-H,1993,Yes,Hand-sorting,1,0,0,0,0,0,0,0,0,0,0,Lumbricus rubellus; Aporrectodea caliginosa,0,0,0,0,0,0,1,0,0,0,0,0,,Natural,Single site,South Wales,Wales,1,1,1984,1984-1985,
A159,93,"Butt et al., 1993, Waste Planning - Investigations of an earthworm inoculation experiment, London Borough of Hilingdon",Butt,Waste Planning,Journal,NA,1993,Yes,Extractant,0,1,0,0,0,0,0,1,1,0,1,,0,0,0,1,0,0,1,0,0,0,0,0,,Experimental,Single site,London,England,1,3,1984,1984,
A158,94,"Boag et al., 1994, Pedobiologia - The use of Taylor Power-Law to describe the aggregated distribution of earthworms in permanent pasture and arable soil in Scotland",Boag,Pedobiologia,Journal,NA,1994,NA,NA,NA,NA,NA,NA,NA,NA,NA,NA,NA,NA,NA,,NA,NA,NA,NA,NA,NA,NA,NA,NA,NA,NA,NA,,NA,NA,NA,Scotland,NA,NA,NA,NA,
A157,95,"Spurgeon and Hopkin, 1995, Ecotoxicology - Extrapolation of the laboratory-based OECD earthworm toxicity test to metal-contaminated field sites ",Spurgeon,Ecotoxicology,Journal,10.1007/BF00116481,1995,Yes,Hand-sorting,1,0,0,0,0,0,0,1,1,0,1,,0,1,0,1,0,0,0,0,0,0,0,0,,Natural,Multiple site-single region,Avonmouth,England,8,8,1993,1993,
A156,96,"Curry et al., 1995, Biology and Fertility of Soils - The earthworm population of a winter cereal field and its effects on soil and nitrogen turnover",Curry,Biology and Fertility of Soils,Journal,10.1007/BF00336154,1995,No,Hand-sorting,1,0,0,0,0,0,0,1,1,1,1,,1,0,1,0,0,0,0,0,0,0,0,0,,Natural,Single site,County Kildare,Republic of Ireland,1,1,1987,1987-1990,
A155,97,"Little and Bolger, 1995, Biology and Environment-Proceedings of the Royal Irish Academy - The effects of contrasting land uses on soil properties and animal communities in brown earth soils",Little,Biology and Environment,Journal,NA,1995,No,Extractant,0,1,0,0,0,0,0,1,1,1,1,,1,1,0,1,1,0,0,0,0,0,0,0,,Natural,Multiple site-single region,County Kildare,Republic of Ireland,3,3,1994,1994,
A238,98,"Blackshaw 1995, Acta Zoologica Fennica - Changes in populations of the predatory flatworm Artioposthia triangulata and its earthworm prey in grassland",Blackshaw,Acta Zoologica Fennica,Journal,NA,1995,No,Extractant,0,1,0,0,0,0,0,1,1,1,0,,0,0,0,1,0,0,0,0,0,0,0,0,,Experimental,Multiple site-single region,Belfast,Northern Ireland,2,2,1984,1984-1992,
A154,99,"Spurgeon and Hopkins, 1996, Applied Soil Ecology - The effects of metal contamination on earthworm populations around a smelting works: quantifying species effects",Spurgeon,Applied Soil Ecology,Journal,10.1016/0929-1393(96)00109-6,1996,Yes,Hand-sorting,1,0,0,0,0,0,0,1,1,0,1,,0,1,0,1,0,0,0,0,0,1,0,0,"""Control site (unmanaged grassland 20km from road) on U of Reading campus; also roadside grassy verges",Natural,Multiple site-multiple region,Avonmouth; Reading,England,22,22,1993,1993,
A153,100,"Tarrant et al., 1997, Soil Biology & Biogeochemistry - Effects on earthworm populations of reducing pesticide use in arable crop rotations",Tarrant,Soil Biology & Biogeochemistry,Journal,10.1016/S0038-0717(96)00191-5,1997,No,Hand-sorting + Extractant,1,1,0,0,0,0,0,1,1,1,1,,0,0,1,1,0,0,0,0,0,0,0,0,,Natural,Multiple site-single region,North Yorkshire,England,3,8,1993,1993-1994,
A152,101,"Yeates et al., 1997, Journal of Applied Ecology - Faunal and microbial diversity in three Welsh grassland soils under conventional and organic management regimes",Yeates,Journal of Applied Ecology,Journal,10.2307/2404890,1997,Yes,Extractant,0,1,0,0,0,0,0,1,1,0,0,,1,1,0,1,0,0,0,0,0,0,0,0,,Natural,Multiple site-single region,Aberystwyth; Dyfed,Wales,3,6,1994,1994,
A151,102,"Schmidt et al., 1997, Soil Biology & Biogeochemistry - Natural abundance of 15N and 13C in earthworms from a wheat and a wheat-clover field",Schmidt,Soil Biology & Biogeochemistry,Journal,10.1016/S0038-0717(97)00108-9,1997,No,Hand-sorting,1,0,0,0,0,0,0,1,1,0,1,,0,0,1,0,0,0,0,0,0,0,0,0,,Experimental,Single site,County Kildare,Republic of Ireland,1,2,1994,1994-1996?,
A150,103,"Boag et al., 1997, Annals of Applied Biology - Distribution, prevalence and intensity of earthworm populations in arable land and grassland in Scotland",Boag,Annals of Applied Biology,Journal,10.1111/j.1744-7348.1997.tb05791.x,1997,No,Hand-sorting; Extractant,1,1,0,0,0,0,0,1,1,0,1,,0,1,1,1,0,0,0,0,0,0,0,0,,Natural,Multiple site-multiple region,Scotland-wide,Scotland,100,156,1991,1991-1992,
A149,104,"Neilson et al., 1998, Soil Biology & Biogeochemistry - Stable isotope natural abundances of soil, plants and soil invertebrates in an upland pasture",Neilson,Soil Biology & Biogeochemistry,Journal,10.1016/S0038-0717(98)00038-8,1998,Yes,Extractant,0,1,0,0,0,0,0,1,0,0,1,,1,0,0,1,0,0,0,0,0,0,0,0,,Experimental,Single site,Central Scotland,Scotland,1,2,1994,1994,
A148,105,"Morgan and Morgan, 1998, Environmental Pollution - The distribution and intracellular compartmentation of metals in the endogeic earthworm Aporrectodea caliginosa sampled from an unpolluted and a metal-contaminated site",Morgan,Environmental Pollution,Journal,10.1016/S0269-7491(97)00193-0,1998,Yes,Hand-sorting,1,0,0,0,0,0,0,0,0,0,0,Aporrectodea caliginosa,0,1,0,1,0,0,1,0,0,0,0,0,,Natural,Multiple site-single region,South Wales,Wales,2,2,NA,NA,
A147,106,"Brown, 1999, Aspects of Applied Biology - Grass margins and earthworm activity in organic and integrated systems",Brown,Aspects of Applied Biology,Journal,,1999,NA,NA,NA,NA,NA,NA,NA,NA,NA,NA,NA,NA,NA,,NA,NA,NA,NA,NA,NA,NA,NA,NA,NA,NA,NA,,NA,NA,NA,NA,NA,NA,NA,NA,
A146,107,"Morgan and Morgan, 1999, Applied Soil Ecology - The accumulation of metals (Cd, Cu, Pb, Zn and Ca) by two ecologically contrasting earthworm species (Lumbricus rubellus and Aporrectodea caliginosa): implications for ecotoxicological testing",Morgan,Applied Soil Ecology,Journal,10.1016/S0929-1393(99)00012-8,1999,Yes,Extractant,0,1,0,0,0,0,0,0,0,0,0,Lumbricus rubellus; Aporrectodea caliginosa,0,0,0,1,0,0,1,0,0,0,0,0,,Natural,Multiple site-single region,South Wales,Wales,3,3,NA,NA,
A145,108,"Schmidt and Ostle, 1999, Applied Soil Ecology - Tracing nitrogen derived from slurry in earthworms using 15N/14N stable isotope ratios at natural abundances",Schmidt,Applied Soil Ecology,Journal,10.1016/S0929-1393(98)00160-7,1999,No,Octet device,0,0,0,1,0,0,0,1,0,0,1,,0,1,1,0,0,0,0,0,0,0,0,0,,Experimental,Single site,Devon,England,1,3,1995,1995; 1997,
A144,109,"Binns et al., 1999, Journal of Turfgrass Science - A survey of earthworm populations on golf course fairways in Great Britain",Binns,Journal of Turfgrass Science,Journal,NA,1999,NA,NA,NA,NA,NA,NA,NA,NA,NA,NA,NA,NA,NA,,NA,NA,NA,NA,NA,NA,NA,NA,NA,NA,NA,NA,,NA,NA,NA,NA,NA,NA,NA,NA,
A143,110,"Butt, 1999, Bioresource Technology - Effects of thermally dried sewage granules on earthworms and vegetation during pot and field trials",Butt,Bioresource Technology,Journal,NA,1999,Yes,Hand-sorting + Extractant,1,1,0,0,0,0,0,1,1,1,1,,0,1,0,1,0,0,0,0,0,0,0,0,,Experimental,Multiple site-single region,Milton Keynes,England,2,8,1993,1993-1994,
A142,111,"Boag, 1999, Pedobiologia - Spatial distribution and relationship between the New Zealand flatworm Arthurdendyus triangulatus and earthworms in a grass field in Scotland",Boag,Pedobiologia,Journal,NA,1999,Yes,Under features,0,0,1,0,0,0,0,1,1,1,0,,0,0,0,1,0,0,0,0,0,0,0,0,,Natural,Single site,Argyll,Scotland,1,2,1998,1998,
A141,112,"Briones et al., 1999, Rapid Communications in Mass Spectrometry - A dynamic study of earthworm feeding ecology using stable isotopes",Briones,Rapid Communications in Mass Spectrometry,Journal,10.1002/(SICI)1097-0231(19990715)13:13<1300::AID-RCM628>3.3.CO;2-A,1999,Yes,Hand-sorting,1,0,0,0,0,0,0,0,0,0,1,,0,0,1,0,0,0,0,0,0,0,0,0,,Natural,Single site,Devon,England,1,1,1997,1997-1998,
A140,113,"Spurgeon and Hopkin, 1999, Journal of Applied Ecology - Seasonal variation in the abundance, biomass and biodiversity of earthworms in soils contaminated with metal emissions from a primary smelting works",Spurgeon,Journal of Applied Ecology,Journal,10.1046/j.1365-2664.1999.00389.x,1999,Yes,Hand-sorting,1,0,0,0,0,0,0,1,1,1,1,,0,1,0,1,0,0,0,0,0,1,0,0,"""Control site (unmanaged grassland 20km from road) on U of Reading campus; also roadside grassy verges",Natural,Multiple site-multiple region,Avonmouth; Reading,England,14,14,1996,1996-1997,
A139,114,"Bailey et al., 1999, Agriculture, Ecosystems and Environment - Towards a method for the economic evaluation of environmental indicators for UK integrated arable farming systems",Bailey,"Agriculture, Ecosystems and Environment",Journal_Review,NA,1999,No,NA,NA,NA,NA,NA,NA,NA,NA,0,0,1,0,,0,0,1,0,0,0,0,0,0,0,0,0,,Experimental,Single site,Edinburgh area,Scotland,1,2,1992,1992-1997,
A138,115,"Wilman et al., 1999, Journal of Agricultural Science - Persistence of sown species and ingress of unsown species in agriculturally improved hill swards",Wilman,Journal of Agricultural Science,Journal,10.1017/S0021859698006200,1999,Yes,Hand-sorting,1,0,0,0,0,0,0,1,1,1,0,,0,1,0,1,0,0,0,0,0,0,0,0,,Natural,Single site,"Caer-arglwyddes (Tyngraig, Talybont)",Wales,1,1,1997,1997,
A137,116,"Whiteside, 2000, PhD Thesis - The effects of broad-leaved trees on the associated biodiversity of improved grassland within silvopastoral systems",Whiteside,PhD Thesis,Thesis,NA,2000,NA,NA,NA,NA,NA,NA,NA,NA,NA,NA,NA,NA,NA,,NA,NA,NA,NA,NA,NA,NA,NA,NA,NA,NA,NA,,NA,NA,NA,NA,NA,NA,NA,NA,
A136,117,"McInerney et al., 2000, Forest Ecosystem Research Group Report - A survey of earthworms and other macrofauna in Brackloon Wood",McInerney,Report,Report,NA,2000,No,Hand-sorting; Hand-sorting + Electrical octet,1,0,0,1,0,0,0,1,1,1,1,,0,1,0,0,1,0,0,0,0,0,0,0,,Natural,Multiple site-single region,County Mayo,Republic of Ireland,1,4,1998,1998,
A135,118,"Blakemore, 2000, Biological Agriculture and Horticulture - Ecology of earthworms under the 'Haughley Experiment' of organic and conventional management regimes",Blakemore,Biological Agriculture and Horticulture,Journal,10.1080/01448765.2000.9754876,2000,Yes,Hand-sorting,1,0,0,0,0,0,0,1,1,1,1,,0,1,1,0,0,0,0,0,0,0,0,0,,Experimental,Single site,Suffolk,England,1,3,1980,1980-1981,
A134,119,"Neilson et al., 2000, Soil Biology & Biogeochemistry - Earthworm d13C and d15N analyses suggest that putative functional classifications of earthworms are site-specific and may also indicate habitat diversity",Neilson,Soil Biology & Biogeochemistry,Journal,10.1016/S0038-0717(00)00013-4,2000,Yes,Hand-sorting,1,0,0,0,0,0,0,1,1,0,1,,0,0,1,1,1,0,0,0,0,0,0,0,,Natural,Multiple site-multiple region,Dundee; Dunning; Aviemore,Scotland,6,6,1995,1995,
A133,120,"Butt, 2000, Field Studies - Earthworms of the Malham Tarn Estate",Butt,Field Studies,Journal,NA,2000,No,Hand-sorting + Extractant; Extractant; Electrical octet,1,1,0,1,0,0,0,1,1,1,1,,0,0,0,1,1,1,0,0,1,0,1,0,"Tarnside (Freshwater shoreline); shoreside woods; ""Kitchen garden"" - not specified as vegetable/flower bed or lawn, so both included",Natural,Multiple site-single region,Malham Tarn,England,1,13,1998,1998,
A132,121,"Edwards et al., 2001, Journal of Applied Ecology - Factors influencing molehill distribution in grassland: implications for controlling the damage caused by molehills",Edwards,Journal of Applied Ecology,Journal,10.1046/j.1365-2664.1999.00411.x,2001,Yes,Hand-sorting,1,0,0,0,0,0,0,1,1,1,1,,0,1,0,1,0,0,0,0,0,0,0,0,,Experimental,Single site,Berkshire,England,1,96,1996,1996,
A131,122,"Schmidt, 2001d, Pedobiologia - Time-limited soil sorting for long-term monitoring of earthworm populations",Schmidt,Pedobiologia,Journal,10.1078/0031-4056-00069,2001,No,Hand-sorting,1,0,0,0,0,0,0,1,1,1,0,,0,1,1,0,0,0,0,0,0,0,0,0,,Natural,Single site,County Kildare,Republic of Ireland,1,2,1994,1994,
A130,123,"Muldowney, 2001, MSc Thesis - A survey of grassland earthworm populations in a selected area of County Kilkenny",Muldowney,MSc Thesis,Thesis,NA,2001,NA,NA,NA,NA,NA,NA,NA,NA,NA,NA,NA,NA,NA,,NA,NA,NA,NA,NA,NA,NA,NA,NA,NA,NA,NA,,NA,NA,NA,Republic of Ireland,NA,NA,NA,NA,
A129,124,"Schmidt, 2001c, Annals of Applied Biology - Appraisal of the electrical octet method for estimating earthworm populations in arable land",Schmidt,Annals of Applied Biology,Journal,10.1111/j.1744-7348.2001.tb00107.x,2001,Yes,Hand-sorting; Extractant; Electrical octet,1,1,0,1,0,0,0,1,1,1,1,,1,1,1,0,0,0,0,0,0,0,0,0,,Natural,Multiple site-multiple region,County Kildare; County Carlow,Republic of Ireland,2,4,1994,1994-1997,
A128,125,"Schmidt et al., 2001b, Annals of Applied Biology - Earthworm communities in conventional wheat monocropping and low-input wheat-clover intercropping systems",Schmidt,Annals of Applied Biology,Journal,10.1111/j.1744-7348.2001.tb00123.x,2001,Yes,Extractant; Electrical octet,0,1,0,1,0,0,0,1,1,1,1,,1,1,1,0,0,0,0,0,0,0,0,0,,Experimental,Multiple site-multiple region,County Kildare; Carlow; Bristol; Devon,Republic of Ireland; England,4,8,1993,1993-1997,
A127,126,"Santoro et al., 2001, Pedobiologia - Comparison of the earthworm population of a garden infested with the Australian land flatworm (Australoplana sanguinea alba) with that of a non-infested garden",Santoro,Pedobiologia,Journal,10.1078/0031-4056-00089,2001,Yes,Extractant,0,1,0,0,0,0,0,1,1,1,1,,0,0,0,1,0,0,0,0,0,1,1,0,"""a lawn with paving stones, an island flower bed and bordered by a vegetable garden""; ""a lawn surrounded by an unkempt border about 1 m wide on three sides""",Natural,Multiple site-single region,Lancashire,England,2,2,1998,1998-1999,
A126,127,"Hutcheon et al., 2001, Annals of Applied Biology - Earthworm populations in conventional and integrated farming systems in the LIFE Project (SW England) in 1990-2000",Hutcheon,Annals of Applied Biology,Journal,10.1111/j.1744-7348.2001.tb00150.x,2001,No,Extractant,0,1,0,0,0,0,0,1,1,1,1,,0,1,1,0,0,0,0,0,0,0,0,0,,Experimental,Single site,Somerset,England,1,24,1990,1990-2000,
A125,128,"Jones et al., 2001, Annals of Applied Biology - The diversity of earthworms in 200 Scottish fields and the possible effect of New Zealand land flatworms (Arthurdendyus triangulatus) on earthworm populations",Jones,Annals of Applied Biology,Journal,10.1111/j.1744-7348.2001.tb00132.x,2001,Yes,Extractant,0,1,0,0,0,0,0,1,1,1,1,,0,0,0,1,0,0,0,0,0,0,0,0,,Natural,Multiple site-single region,Argyll,Scotland,101,202,1998,1998-1999,
A124,129,"Schmidt and Curry, 2001a, Pedobiologia - Population dynamics of earthworms (Lumbricidae) and their role in nitrogen turnover in wheat and wheat-clover cropping systems",Schmidt,Pedobiologia,Journal,10.1078/0031-4056-00078,2001,No,Hand-sorting,1,0,0,0,0,0,0,1,1,1,1,,1,1,0,1,0,0,0,0,0,0,0,0,,Experimental,Single site,County Kildare,Republic of Ireland,1,2,1994,1994-1997,
A123,130,"Ausden et al., 2001, Journal of Applied Ecology - The effects of flooding lowland wet grassland on soil macroinvertebrate prey of breeding wading birds",Ausden,Journal of Applied Ecology,Journal,10.1046/j.1365-2664.2001.00600.x,2001,Yes,Hand-sorting + Wet sieving,1,0,0,0,0,0,1,1,0,1,1,,0,0,0,1,0,0,0,0,0,0,0,0,,Natural,Multiple site-multiple region,England; Scotland,England; Scotland,2,12,1993,1993-1995,
A122,131,"Briones et al., 2001, Soil Biology & Biogeochemistry - Spatio-temporal variation of stable isotope ratios in earthworms under grassland and maize cropping systems",Briones,Soil Biology & Biogeochemistry,Journal,10.1016/S0038-0717(01)00088-8,2001,Yes,Hand-sorting,1,0,0,0,0,0,0,1,0,0,1,,0,1,1,1,0,0,0,0,0,0,0,0,,Experimental,Single site,Devon,England,1,2,1998,1998-1999,
A121,132,"Curry et al., 2002, European Journal of Soil Biology - Intensive cultivation can drastically reduce earthworm populations in arable land",Curry,European Journal of Soil Biology,Journal,10.1016/S1164-5563(02)01132-9,2002,No,Hand-sorting,1,0,0,0,0,0,0,1,1,1,1,,1,0,1,0,0,0,0,0,0,0,0,0,,Experimental,Single site,County Kildare,Republic of Ireland,1,2,1998,1998-2000,
A120,133,"Muldowney and Schmidt, 2002, Megadrilogica - Allolobophora cupulifera Tetry (Oligochaeta: Lumbricidae) in Ireland: first records for the British Isles",Muldowney,Megadrilogica,Journal,NA,2002,Yes,Hand-sorting,1,0,0,0,0,0,0,1,1,0,1,,0,0,1,1,0,0,0,0,0,0,0,0,,Natural,Multiple site-multiple region,County Kilkenny,Republic of Ireland,25,46,1999,1999-2000,"Also in Muldowney, 2001, MSc Thesis"
A119,134,"Scullion et al., 2002, Soil Use and Management - Comparisons of earthworm populations and cast properties in conventional and organic arable rotations",Scullion,Soil Use and Management,Journal,10.1079/SUM2002132,2002,No,Hand-sorting + Extractant,1,1,0,0,0,0,0,1,1,1,1,,0,1,1,1,0,0,0,0,0,0,0,0,,Experimental,Multiple site-multiple region,Berkshire; Wiltshire; Norfolk; Leicestershire; Dyfed; Somerset,England; Wales,14,14,1995,1995-1998,
A118,135,"Schmidt et al., 2003, Applied Soil Ecology - Why do cereal-legume intercrops support large earthworm populations?",Schmidt,Applied Soil Ecology,Journal,10.1016/S0929-1393(02)00131-2,2003,Yes,Electrical octet,0,0,0,1,0,0,0,1,1,1,1,,1,1,1,0,0,0,0,0,0,0,0,0,,Experimental,Multiple site-multiple region,Bristol; Devon,England,2,6,1995,1995-1997,
A117,136,"Sheldon, 2003, PhD Thesis - Factors affecting the distribution, abundance and chick survival of the Lapwing (Vanellus vanellus)",Sheldon,PhD Thesis,Thesis,,2003,No,Hand-sorting,1,0,0,0,0,0,0,1,0,1,0,,0,0,1,1,0,0,0,0,0,0,0,0,,Natural,Multiple site-multiple region,Shropshire; Cambridgeshire,England,51,51,1999,1999-2000,
A116,137,"Spring, 2003, PhD Thesis - The Effects of Earthworms on Soil Structure in an Upland Grassland",Spring,PhD Thesis,Thesis,NA,2003,No,NA,NA,NA,NA,NA,NA,NA,NA,1,1,0,1,,1,1,0,1,0,0,0,0,0,0,0,0,,Experimental,Single site,Scottish Borders,Scotland,4,4,1999,1999,
A115,138,"Staddon et al., 2003, Soil Biology & Biogeochemistry - Earthworm extraction by electroshocking does not affect canopy CO2 exchange, root respiration, mycorrhizal fungal abundance or mycorrhizal fungal vitality",Staddon,Soil Biology & Biogeochemistry,Journal,10.1016/S0038-0717(02)00293-6,2003,No,Electrical octet; Hand-sorting,1,0,0,1,0,0,0,1,0,0,1,,0,0,0,1,0,0,0,0,0,0,0,0,,Experimental,Single site,Scottish Borders,Scotland,1,3,2000,2000,
A114,139,"McKeever, 2004, PhD Thesis - Linking grassland management, invertebrates and Northern Lapwing productivity",McKeever,PhD Thesis,Thesis,NA,2003,No,Hand-sorting,1,1,0,0,0,0,0,1,1,1,0,,0,0,0,1,0,0,0,0,0,0,0,0,,Experimental,Single site,Inner Hebrides,Scotland,1,6,2000,2000-2001,
A113,140,"Mather and Christensen, 2003, Pedobiologia - Difference in morphometric performance of the New Zealand flatworm Arthurdendyus triangulatus in earthworm species-poor and -rich habitats at Benmore, Scotland",Mather,Pedobiologia,Journal,10.1078/0031-4056-00200,2003,No,Under features,0,0,1,0,0,0,0,1,1,1,1,,0,0,0,1,0,0,0,0,0,0,1,1,Botanic Garden; also grassland,Natural,Single site,Argyllshire,Scotland,1,2,2001,2001-2002,
A112,141,"Bishop, 2003, PhD Thesis - The Ecology of Earthworms and their Impact on Carbon Distribution and Chemical Characteristics in Soil",Bishop,PhD Thesis,Thesis,,2003,Yes,Hand-sorting,1,0,0,0,0,0,0,1,1,0,1,,0,1,0,1,0,0,0,0,0,0,0,0,,Experimental,Single site,Scotland,Scotland,1,10,1999,1999; 2002,
A111,142,"Hedlund et al., 2003, Oikos - Plant species diversity, plant biomass and responses of the soil community on abandoned land across Europe: idiosyncracy or above-belowground time lags",Hedlund,Oikos,Journal,10.1034/j.1600-0706.2003.12511.x,2003,Yes,Extractant,0,1,0,0,0,0,0,1,1,1,0,,1,1,0,1,0,0,0,0,0,0,0,0,,Experimental,Single site,Buckinghamshire,England,1,3,1998,1998,
A110,143,"Muldowney et al., 2003, Pedobiologia - Relationships between earthworm populations, grassland management and badger densities in County Kilkenny, Ireland",Muldowney,Pedobiologia,Journal,10.1078/0031-4056-00280,2003,No,Hand-sorting; Extractant,1,1,0,0,0,0,0,1,1,1,1,,0,0,0,1,0,0,0,0,0,0,0,0,,Experimental,Multiple site-single region,County Kilkenny,Republic of Ireland,32,66,1999,1999-2000,"Also in Muldowney, 2001, MSc Thesis"
A109,144,"Piearce et al., 2003, Pedobiologia - Earthworms of a land restoration site treated with paper mill sludge",Piearce,Pedobiologia,Journal,10.1016/S0031-4056(04)70269-3,2003,Yes,Hand-sorting,1,0,0,0,0,0,0,1,1,1,1,,0,0,0,1,1,0,1,0,0,0,0,0,,Experimental,Single site,NW England,England,1,3,2001,2001,
A108,145,"Butt et al., 2003b, North West Geography - Monitoring earthworm communities in translocated grasslands affected by the construction of Runway 2 at Manchester Airport",Butt,North West Geography,Journal,NA,2003,Yes,Hand-sorting + Extractant,1,1,0,0,0,0,0,1,1,1,1,,0,0,0,1,0,0,0,0,0,1,0,0,Grassy areas near Manchester Airport terminal with translocated cores aimed at maintaining EW population,Experimental,Multiple site-single region,Manchester,England,4,5,1998,1998-2001,
A107,146,"Butt et al., 2003a, Pedobiologia - Development of earthworm communities in translocated grasslands at Manchester Airport, UK",Butt,Pedobiologia,Journal,10.1078/0031-4056-00259,2003,Yes,Hand-sorting + Extractant,1,1,0,0,0,0,0,1,1,1,1,,0,0,0,1,0,0,0,0,0,1,0,0,Grassy areas near Manchester Airport terminal with translocated cores aimed at maintaining EW population,Experimental,Multiple site-single region,Manchester,England,4,5,1998,1998-2001,
A106,147,"Briones and Bol, 2003, Pedobiologia - Natural abundance of 13C and 15N in earthworms from different cropping treatments",Briones,Pedobiologia,Journal,10.1016/S0031-4056(04)70238-3,2003,No,Hand-sorting,1,0,0,0,0,0,0,1,0,0,1,,0,1,1,1,0,0,0,0,0,0,0,0,,Experimental,Multiple site-single region,Devon,England,1,5,1998,1998,
A105,148,"Colgan et al., 2003, Environmental Toxicology and Chemistry - Closing the Loop: A spatial analysis to link observed environmental damage to predicted heavy metal emissions",Colgan,Environmental Toxicology and Chemistry,Journal,10.1002/etc.5620220503,2003,No,Hand-sorting,1,0,0,0,0,0,0,1,1,1,1,,0,0,0,1,1,0,0,0,0,0,0,0,,Natural,Multiple site-single region,"Avonmouth, England",England,14,14,1996,1996,
A104,149,"Pearce-Higgins and Yalden, 2003, Ibis - Variation in the use of pasture by breeding European Golden Plovers Pluvialis apricaria in relation to prey availability",Pearce-Higgins,Ibis,Journal,10.1046/j.1474-919X.2003.00154.x,2003,Yes,Hand-sorting,1,0,0,0,0,0,0,1,1,1,0,,0,0,0,1,0,0,0,0,0,0,0,0,,Natural,Multiple site-single region,Peak District,England,2,14,1997,1997-1998,
A103,150,"Ricketts et al., 2004, Ecotoxicology and Environmental Safety - Measurement of annetocin gene expression: a new reproductive biomarker in earthworm ecotoxicology",Ricketts,Ecotoxicology and Environmental Safety,Journal,10.1016/j.ecoenv.2003.08.008,2004,Yes,Under features,0,0,1,0,0,0,0,0,0,0,0,Eisenia fetida,0,0,0,0,0,0,0,0,0,0,1,0,,Natural,Single site,South Wales,Wales,1,1,NA,NA,
A102,151,"Schmidt et al., 2004, Pedobiologia - Dual stable isotope analysis (13C and 15N) of soil invertebrates and their food sources",Schmidt,Pedobiologia,Journal,10.1016/j.pedobi.2003.12.003,2004,Yes,Hand-sorting,1,0,0,0,0,0,0,1,1,1,1,,1,0,1,0,0,0,0,0,0,0,0,0,,Natural,Single site,County Kildare,Republic of Ireland,1,1,1999,1999,
A101,152,"Rmbke et al., 2004, Ecotoxicology - Ring-testing and field-validation of a Terrestrial Model Ecosystem (TME)  An instrument for testing potentially harmful substances: Effects of carbendazim on earthworms",Rmbke,Ecotoxicology,Journal,10.1023/B:ECTX.0000012408.58017.08,2004,No,Hand-sorting + Extractant,1,1,0,0,0,0,0,1,1,1,1,,0,1,0,1,0,0,0,0,0,0,0,0,,Experimental,Single site,Bangor,Wales,1,7,NA,NA,
A100,153,"Butt et al., 2004, Land Degradation and Development - The development of sustainable earthworm populations at Calvert landfill site, UK",Butt,Land Degradation and Development,Journal,10.1002/ldr.585,2004,Yes,Hand-sorting + Extractant,1,1,0,0,0,0,0,1,1,1,1,,0,0,0,1,0,0,1,0,0,0,0,0,,Experimental,Single site,Buckinghamshire,England,1,12,2002,2002-2003,
A99,154,"Peach et al., 2004, Journal of Applied Ecology - Habitat selection by song thrushes in stable and declining farmland populations",Peach,Journal of Applied Ecology,Journal,10.1111/j.0021-8901.2004.00892.x,2004,Yes,Hand-sorting,1,0,0,0,0,0,0,1,1,1,0,,0,0,1,1,1,0,0,0,0,0,0,0,,Natural,Multiple site-multiple region,West Sussex; Essex,England,2,49,2000,2000,
A98,155,"Butt and Lowe, 2004, European Journal of Soil Biology - Anthropic influences on earthworm distribution, Isle of Rum National Nature Reserve, Scotland",Butt,European Journal of Soil Biology,Journal,10.1016/j.ejsobi.2004.04.001,2004,No,Hand-sorting + Extractant; Electrical octet; Under features,1,1,1,1,0,0,0,1,1,1,1,,0,0,0,1,1,1,0,0,0,0,0,1,,Natural,Multiple site-single region,Isle of Rum,Scotland,12,NA,1995,1995-2003,
A97,156,"Gormsen et al., 2004, European Journal of Soil Biology - Management of plant communities on set-aside land and its effects on earthworm communities",Gormsen,European Journal of Soil Biology,Journal,10.1016/j.ejsobi.2004.08.001,2004,Yes,Extractant,0,1,0,0,0,0,0,1,1,1,1,,1,1,0,1,0,0,0,0,0,0,0,0,,Experimental,Single site,Norfolk,England,1,4,1998,1998,
A96,157,"Simonsen and Scott-Fordsmand, 2004, Ecotoxicology - Genetic variation in the enzyme esterase, bioaccumulation and life history traits in the earthworm Lumbricus rubellus from a metal contaminated area, Avonmouth, England",Simonsen,Ecotoxicology,Journal,10.1007/s10646-003-4475-3,2004,No,Hand-sorting,1,0,0,0,0,0,0,0,0,0,0,Lumbricus rubellus,0,1,0,1,1,0,0,0,0,0,0,0,,Natural,Multiple site-single region,"Avonmouth, England",England,4,4,1997,1997-1999,
A95,158,"Rothwell et al., 2005, BCPC Congress: Crop Science and Technology 2005 - The effects of conventional and conservation tillage systems on earthworm populations",Rothwell,Crop Science and Technology,Journal,NA,2005,No,Extractant + Hand-sorting,1,1,0,0,0,0,0,1,1,0,0,,0,0,1,0,0,0,0,0,0,0,0,0,,Experimental,Multiple site-multiple region,Leicestershire; Somerset,England,2,7,2003,2003-2005,
A94,159,"Eggleton et al., 2005, Journal of Applied Ecology - Assemblages of soil macrofauna across a Scottish land-use intensification gradient: influences of habitat quality, heterogeneity and area",Eggleton,Journal of Applied Ecology,Journal,10.1111/j.1365-2664.2005.01090.x,2005,Yes,Hand-sorting + Extractant,1,1,0,0,0,0,0,1,1,0,1,,0,1,1,1,1,0,0,0,0,0,0,0,,Natural,Multiple site-single region,Aberdeenshire,Scotland,6,6,2001,2001-2002,
A93,160,"Atkinson et al., 2005, Journal of Applied Ecology - Influence of agricultural management, sward structure and food resources on grassland field use by birds in lowland England",Atkinson,Journal of Applied Ecology,Journal,10.1111/j.1365-2664.2005.01070.x,2005,No,Hand-sorting,1,0,0,0,0,0,0,1,1,0,0,,0,0,0,1,0,0,0,0,0,0,0,0,,Natural,Multiple site-single region,East Devon; North Buckinghamshire,England,28,96,1999,1999-2002,
A92,161,"Cholewa et al., 2006, Folia Histochemica et Cytobiologica - Autofluorescence in eleocytes of some earthworm species",Cholewa,Folia Histochemica et Cytobiologica,Journal,NA,2006,No,NA,NA,NA,NA,NA,NA,NA,NA,1,0,0,1,,0,0,0,0,0,0,0,0,0,1,0,0,,Natural,Single site,Cardiff,Wales,1,1,NA,NA,
A91,162,"Curry and Schmidt, 2006, Suo - Long-term establishment of earthworm populations in grassland on reclaimed industrial cutaway peatland in Ireland",Curry,Suo,Journal,NA,2006,No,Hand-sorting,1,0,0,0,0,0,0,1,1,1,1,,0,0,0,1,0,0,0,0,0,0,0,0,,Natural,Single site,"Clonsast, County Offaly",Republic of Ireland,1,6,2004,2004,
A90,163,"Bartlett, 2006, PhD Thesis - The ecology and control of earthworms on golf courses ",Bartlett,PhD Thesis,Thesis,NA,2006,No,Extractant,0,1,0,0,0,0,0,1,1,0,1,,0,1,0,1,0,0,0,0,0,0,0,0,,Natural,Multiple site-multiple region,Bedfordshire; Buckinghamshire,England,5,123,2005,2005-2006,
A89,164,"Blackshaw et al., 2007, European Journal of Soil Biology - Earthworm responses to long term agricultural management practices: Spatial relationships with soil properties",Blackshaw,European Journal of Soil Biology,Journal,10.1016/j.ejsobi.2007.08.014,2007,No,Hand-sorting,1,0,0,0,0,0,0,1,1,1,1,,0,1,1,0,0,0,0,0,0,0,0,0,,Experimental,Single site,Devon,England,1,6,2005,2005,
A88,165,"Vanbergen et al., 2007, Oecologia - Scale-specific correlations between habitat heterogeneity and soil fauna diversity along a landscape structure gradient",Vanbergen,Oecologia,Journal,10.1007/s00442-007-0766-3,2007,Yes,Hand-sorting + Extractant,1,1,0,0,0,0,0,1,1,0,1,,0,1,1,1,1,0,0,0,0,0,0,0,,Natural,Multiple site-single region,Aberdeenshire,Scotland,6,6,2001,2001-2002,
A87,166,"Butt et al., 2007b, North West Geography - Distribution of earthworms across the Sefton Coast sand dune ecosystem",Butt,North West Geography,Journal,NA,2007,No,Hand-sorting + Extractant,1,1,0,0,0,0,0,1,1,1,1,,0,1,0,0,0,0,0,1,0,0,0,0,,Natural,Multiple site-single region,NW England,England,2,30,2005,2005,"Same as Chamberlain Butt 2008, but without soil data"
A86,167,"Butt et al., 2007a, European Journal of Soil Biology - Presence of earthworm species within and beneath Lumbricus terrestris (L.) middens",Butt,European Journal of Soil Biology,Journal,10.1016/j.ejsobi.2007.08.002,2007,Yes,Hand-sorting,1,0,0,0,0,0,0,1,1,1,1,,0,0,0,0,1,0,0,0,0,0,0,0,,Natural,Multiple site-multiple region,Isle of Rum; Lancashire,England; Scotland,2,3,2005,2005-2006,
A85,168,"Ostle et al., 2007, Soil Biology & Biogeochemistry - Isotopic detection of recent photosynthate carbon flow into grassland rhizosphere fauna",Ostle,Soil Biology & Biogeochemistry,Journal,10.1016/j.soilbio.2006.09.025,2007,Yes,Hand-sorting,1,0,0,0,0,0,0,1,1,1,1,,1,1,0,1,0,0,0,0,0,0,0,0,,Natural,Single site,Scottish Borders,Scotland,1,3,1999,1999,
A84,169,"King et al., 2008, Molecular Ecology - Opening a can of worms: unprecedented sympatric cryptic diversity within British lumbricid earthworms",King,Molecular Ecology,Journal,10.1111/j.1365-294X.2008.03931.x,2008,No,NA,NA,NA,NA,NA,NA,NA,NA,1,0,0,1,,0,0,1,1,1,0,0,0,0,0,1,0,"""...were collected from British populations ... Extensive further samples of Allo. chlorotica were then taken at 24 British and five mainland European sites, representing mainly garden and field habitats"" - Field not specified as arable or grassland, so both included",Experimental,Multiple site-multiple region,England; Scotland; Wales,England; Scotland; Wales,NA,NA,NA,NA,
A83,170,"Carpenter et al., 2008, Mineralogical Magazine - The role of earthworm communities in soil mineral weathering: a field experiment",Carpenter,Mineralogical Magazine,Journal,10.1180/minmag.2008.072.1.33,2008,Yes,NA,NA,NA,NA,NA,NA,NA,NA,1,1,0,1,,0,0,0,1,0,0,0,0,0,0,0,0,,Experimental,Single site,Cambridgeshire,England,1,5,NA,NA,
A82,171,"Butt et al., 2008, European Journal of Soil Biology - Darwin's earthworms revisited",Butt,European Journal of Soil Biology,Journal,10.1016/j.ejsobi.2008.03.004,2008,No,Hand-sorting + Extractant; Extractant; Electrical octet; Under features,1,1,1,1,0,0,0,1,1,1,1,,0,0,0,1,1,0,0,0,0,0,0,0,,Natural,Multiple site-single region,Kent,England,12,17,2004,2004-2006,
A81,172,"Smith et al., 2008b, Journal of Applied Ecology - Can arable field margins be managed to enhance their biodiversity, conservation and functional value for soil macrofauna?",Smith,Journal of Applied Ecology,Journal,10.1111/j.1365-2664.2007.01433.x,2008,Yes,Hand-sorting,1,0,0,0,0,0,0,1,1,0,1,,1,1,0,1,0,0,0,0,0,0,0,0,,Experimental,Single site,Cambridgeshire,England,1,10,2005,2005,
A80,173,"Creamer et al., 2008, Soil Use and Management - Do elevated soil concentrations of metals affect the diversity and activity of soil invertebrates in the long-term?",Creamer,Soil Use and Management,Journal,10.1111/j.1475-2743.2007.00131.x,2008,Yes,Hand-sorting,1,0,0,0,0,0,0,1,1,1,0,,0,1,0,1,0,0,0,0,0,0,0,0,,Experimental,Single site,Nottinghamshire,England,1,9,2002,2002-2004,
A79,174,"Smith et al., 2008a, European Journal of Soil Biology - Evaluating the efficiency of sampling methods in assessing soil macrofauna communities in arable systems",Smith,European Journal of Soil Biology,Journal,10.1016/j.ejsobi.2008.02.002,2008,Yes,Hand-sorting; Berlese-Tullgren funnels; Winkler bags,1,0,0,0,1,0,0,1,1,1,1,,1,0,1,1,0,0,0,0,0,0,0,0,,Experimental,Single site,Cambridgeshire,England,1,4,2004,2004,
A78,175,"Curry et al., 2008, Applied Soil Ecology - Relationships between earthworm populations and management intensity in cattle-grazed pastures in Ireland",Curry,Applied Soil Ecology,Journal,10.1016/j.apsoil.2007.11.005,2008,Yes,Extractant,0,1,0,0,0,0,0,1,1,1,1,,1,0,0,1,0,0,0,0,0,0,0,0,,Experimental,Multiple site-multiple region,"Co. Tipperary; Co. Meath, Co. Wexford",Republic of Ireland,3,9,2003,2003-2005,
A77,176,"Bishop et al., 2008, European Journal of Soil Science - Liming upland grassland: the effects on earthworm communities and the chemical characteristics of carbon in casts",Bishop,European Journal of Soil Science,Journal,10.1111/j.1365-2389.2007.01009.x,2008,Yes,Hand-sorting,1,0,0,0,0,0,0,1,1,0,1,,0,1,0,1,0,0,0,0,0,0,0,0,,Experimental,Single site,Scotland,Scotland,1,2,1999,1999; 2002,"Also in Bishop, 2003, PhD Thesis"
A76,177,"Bartlett et al., 2008b, Acta Horticulturae - Estimating species richness of earthworms on golf courses and implications for innovating environmentally benign control methods",Bartlett,Acta Horticulturae,Journal,NA,2008,NA,NA,NA,NA,NA,NA,NA,NA,NA,NA,NA,NA,NA,NA,NA,NA,NA,NA,NA,NA,NA,NA,NA,1,NA,NA,,NA,NA,Bedfordshire; Buckinghamshire,England,NA,NA,2004,2004-2006,"Also in Bartlett, 2006, PhD Thesis"
A75,178,"Bartlett et al., 2008a, Applied Soil Ecology - Earthworm community structure on five English golf courses",Bartlett,Applied Soil Ecology,Journal,10.1016/j.apsoil.2008.02.001,2008,No,Extractant,0,1,0,0,0,0,0,1,1,0,1,,0,1,0,0,0,0,0,0,0,1,0,0,,Natural,Multiple site-multiple region,Bedfordshire; Buckinghamshire,England,5,90,2005,2005-2006,"Also in Bartlett, 2006, PhD Thesis"
A74,179,"Chamberlain and Butt, 2008, European Journal of Soil Biology - Distribution of earthworms and influence of soil properties across a successional sand dune ecosystem in NW England",Chamberlain,European Journal of Soil Biology,Journal,10.1016/j.ejsobi.2008.07.010,2008,Yes,Hand-sorting,1,0,0,0,0,0,0,1,1,1,1,,0,1,0,0,0,0,0,1,0,0,0,0,,Natural,Multiple site-single region,NW England,England,2,30,2005,2005,
A73,180,"Hartley et al., 2008, Science of the Total Environment - Assessing biological indicators for remediated anthropogenic urban soils",Hartley,Science of the Total Environment,Journal,10.1016/j.scitotenv.2008.06.004,2008,Yes,Hand-sorting,1,0,0,0,0,0,0,1,1,0,1,,0,1,0,0,0,0,1,0,0,1,0,0,,Natural,Multiple site-multiple region,NW England,England,9,10,NA,NA,
A72,181,"Button et al., 2009, Environmental Geochemistry and Health - Earthworms and in vitro physiologically-based extraction tests: complementary tools for a holistic approach towards understanding risk at arsenic-contaminated sites",Button,Environmental Geochemistry and Health,Journal,10.1007/s10653-008-9208-3,2009,Yes,Hand-sorting,1,0,0,0,0,0,0,0,0,0,0,Lumbricus rubellus; Bimastos rubidus,0,1,0,1,0,0,1,0,0,0,0,0,,Natural,Multiple site-multiple region,Devon; Nottingham,England,2,2,NA,NA,
A71,182,"Bellamy et al., 2009, Biomass and Bioenergy - The impact of growing miscanthus for biomass on farmland bird populations",Bellamy,Biomass and Bioenergy,Journal,10.1016/j.biombioe.2008.07.001,2009,No,Hand-sorting + Extractant,1,1,0,0,0,0,0,1,1,1,0,,0,0,1,0,0,0,0,0,0,0,0,0,,Natural,Multiple site-single region,Oxfordshire,England,6,12,2005,2005,
A70,183,"Hartley et al., 2009, Environmental Pollution - Arsenic stability and mobilization in soil at an amenity grassland overlying chemical waste (St. Helens, UK)",Hartley,Environmental Pollution,Journal,10.1016/j.envpol.2008.11.017,2009,No,Hand-sorting,1,0,0,0,0,0,0,1,1,1,0,,0,1,0,1,0,0,1,0,0,0,0,0,,Natural,Single site,Liverpool,England,1,2,2002,2002; 2005,
A69,184,"Briones et al., 2009, Soil Biology & Biogeochemistry - Are the sexual, somatic and genetic characters enough to solve nomenclatural problems in lumbricid taxonomy?",Briones,Soil Biology & Biogeochemistry,Journal,10.1016/j.soilbio.2009.07.008,2009,No,NA,NA,NA,NA,NA,NA,NA,NA,1,0,0,1,,0,0,NA,NA,NA,NA,NA,NA,NA,NA,NA,NA,,Natural,Multiple site-multiple region,"Lancaster, York, UK; Lyons, Dublin, Ireland",Republic of Ireland; England,5,5,NA,NA,
A68,185,"Sherlock et al., 2009, European Journal of Soil Biology - An updated earthworm list for the British Isles and two new 'exotic' species to Britain from Kew Gardens",Sherlock,European Journal of Soil Biology,Journal,10.1016/j.ejsobi.2009.07.002,2009,Yes,Hand-sorting,1,0,0,0,0,0,0,1,0,0,1,,0,0,0,0,0,0,0,0,0,0,0,1,Glasshouses at Kew Gardens,Natural,Single site,Kew Gardens,England,1,3,2007,2007,
A67,186,"Eggleton et al., 2009, Soil Biology & Biogeochemistry - A six year study of earthworm (Lumbricidae) populations in pasture woodland in southern England shows their responses to soil temperature and soil moisture",Eggleton,Soil Biology & Biogeochemistry,Journal,10.1016/j.soilbio.2009.06.007,2009,Yes,Hand-sorting,1,0,0,0,0,0,0,1,1,0,1,,1,1,0,0,1,0,0,0,0,0,0,0,,Natural,Single site,Hampshire,England,1,1,2002,2002-2008,
A66,187,"Andre et al., 2010, Soil Biology & Biogeochemistry - Metal bioaccumulation and cellular fractionation in an epigeic earthworm (Lumbricus rubellus): The interactive influences of population exposure histories, site-specific geochemistry and mitochondrial genotype",Andre,Soil Biology & Biogeochemistry,Journal,10.1016/j.soilbio.2010.05.029,2010,Yes,Hand-sorting,1,0,0,0,0,0,0,0,0,0,0,Lumbricus rubellus,0,1,0,1,0,0,1,0,0,0,0,0,,Natural,Multiple site-multiple region,Cardiff; Aberystwyth,Wales,3,3,NA,NA,
A65,188,"Hof and Bright, 2010, Agriculture, Ecosystems and Environment - The impact of grassy field margins on macro-invertebrate abundance in adjacent arable fields",Hof,"Agriculture, Ecosystems and Environment",Journal,10.1016/j.agee.2010.08.014,2010,Yes,Hand-sorting,1,0,0,0,0,0,0,1,1,1,0,,0,0,1,0,0,0,0,0,0,0,0,0,,Natural,Multiple site-multiple region,Norfolk; Lincolnshire; Leicestershire; Berkshire,England,4,64,2009,2009,"Transect from margin into field.  96 ""plot types"" if treating 10m and 20m from hedgerow separately"
A64,189,"Haigh, 2011, PhD Thesis - The ecology of the European hedgehog (Erinaceus europaeus) in rural Ireland",Haigh,PhD Thesis,Thesis,NA,2011,No,Surface counting,0,0,0,0,0,1,0,1,1,0,0,,0,0,1,1,0,0,0,0,0,0,0,0,,Natural,Multiple site-single region,County Cork,Republic of Ireland,1,16,2008,2008-2009,
A63,190,"Button et al., 2011, Chemosphere - Arsenic speciation in field-collected and laboratory-exposed earthworms Lumbricus terrestris",Button,Chemosphere,Journal,10.1016/j.chemosphere.2011.07.026,2011,Yes,NA,NA,NA,NA,NA,NA,NA,NA,0,0,0,0,Lumbricus terrestris,0,0,0,1,0,0,1,0,0,0,1,1,"""uncontaminated garden soil"" - not specified as vegetable/flower bed or lawn, so both included; also from a former arsenic mine",Natural,Multiple site-multiple region,Devon; Nottingham,England,2,2,NA,NA,
A62,191,"Carrington and Diaz, 2011, Restoration Ecology - An Investigation into the Effect of Soil and Vegetation on the Successful Creation of a Hay Meadow on a Clay-Capped Landfill",Carrington,Restoration Ecology,Journal,10.1111/j.1526-100X.2009.00533.x,2011,Yes,Extractant,0,1,0,0,0,0,0,1,1,1,0,,0,1,0,1,0,0,1,0,0,0,0,0,,Experimental,Single site,Somerset,England,1,3,2004,2004/2006,
A61,192,"Callaham et al., 2012, European Journal of Soil Biology - Stable isotope evidence for marine-derived avian inputs of nitrogen into soil, vegetation, and earthworms on the Isle of Rum, Scotland, UK",Callaham,European Journal of Soil Biology,Journal,10.1016/j.ejsobi.2012.07.004,2012,No,Under features,0,0,1,0,0,0,0,1,0,0,0,,0,0,0,1,0,0,0,0,0,0,0,1,,Both,Multiple site-single region,Isle of Rum,Scotland,2,2,2007,2007-2008,
A60,193,"Bone, 2012b, PhD Thesis - Environmental Quality Management for Soil Protection: The Role of Citizen Science in the Process",Bone,PhD Thesis,Thesis,NA,2012,No,NA,NA,NA,NA,NA,NA,NA,NA,1,0,0,1,,0,0,1,1,1,1,1,0,0,1,0,1,,Natural,Multiple site-multiple region,England,England,2671,2671,NA,NA,
A59,194,"Cudmore, 2012, PhD Thesis - The impacts of past land-use on the ecology of an ancient woodland in south-west Ireland",Cudmore,PhD Thesis,Thesis,NA,2012,Yes,Extractant,0,1,0,0,0,0,0,1,1,0,1,,1,1,0,0,1,0,0,0,0,0,0,0,,Natural,Multiple site-single region,County Cork,Republic of Ireland,1,4,2009,2009,
A58,195,"Carpenter et al., 2012b, Biodiversity and Conservation - Mapping of earthworm distribution for the British Isles and Eire highlights the under-recording of an ecologically important group",Carpenter,Biodiversity and Conservation,Journal_Metaanalysis,10.1007/s10531-011-0194-x,2012,No,NA,NA,NA,NA,NA,NA,NA,NA,1,0,0,1,,0,0,NA,NA,NA,NA,NA,NA,NA,NA,NA,NA,,NA,Multiple site-multiple region,Republic of Ireland; England; Scotland; Wales; Northern Ireland,Republic of Ireland; England; Scotland; Wales; Northern Ireland,NA,NA,NA,NA,
A57,196,"Bone et al., 2012a, Environmental Science and Technology - Public Participation in Soil Surveys: Lessons from a Pilot Study in England",Bone,Environmental Science and Technology,Journal,10.1021/es203880p,2012,No,Hand-sorting + Extractant,1,1,0,0,0,0,0,1,1,0,1,,0,1,1,1,1,1,1,0,0,1,0,1,,Natural,Multiple site-multiple region,England,England,2671,2671,2009,2009-2010,"Also in Bone, 2012b, PhD Thesis"
A56,197,"Rajapaksha, 2012, PhD Thesis - Short rotation forestry and earthworm diversity: Impacts and responses",Rajapaksha,PhD Thesis,Thesis,NA,2012,Yes,Hand-sorting; Extractant,1,1,0,0,0,0,0,1,1,1,1,,1,1,1,0,0,0,0,0,0,0,0,0,,Natural,Multiple site-multiple region,Lancashire,England,4,13,2010,2010-2011,
A55,198,"Melody and Schmidt, 2012, Biology Letters - Northward range extension of an endemic soil decomposer with a distinct trophic position",Melody,Biology Letters,Journal,10.1098/rsbl.2012.0537,2012,Yes,Hand-sorting + Extractant,1,1,0,0,0,0,0,1,1,1,1,,0,0,0,1,1,0,0,0,0,0,1,0,"""reseeded pasture, reseeded pasture margin, old pasture, old pasture margin, meadow, deciduous wood, coniferous wood, compost heap, manure heap, formal garden and vegetable garden""",Natural,Single site,County Dublin,Republic of Ireland,1,11,2011,2011,
A54,199,"Haigh et al., 2012, Mammalia - Intra- and interhabitat differences in hedgehog distribution and potential prey availability",Haigh,Mammalia,Journal,0.1515/mammalia-2011-0110,2012,No,Surface counting,0,0,0,0,0,1,0,1,1,0,0,,0,0,1,1,0,0,0,0,0,0,0,0,,Natural,Multiple site-single region,County Cork,Republic of Ireland,1,16,2008,2008-2009,
A53,200,"Keith et al., 2012, European Journal of Soil Science - Cross-taxa congruence, indicators and environmental gradients in soils under agricultural and extensive land management",Keith,European Journal of Soil Science,Journal,10.1016/j.ejsobi.2011.08.0 02,2012,Yes,Hand-sorting; Extractant,1,1,0,0,0,0,0,1,1,1,1,,0,0,1,1,1,1,0,0,0,0,0,0,,Natural,Multiple site-multiple region,Ireland-wide,Republic of Ireland,61,61,2006,2006-2007,
A52,201,"Carpenter et al., 2012a, Biodiversity and Conservation - Biodiversity of soil macrofauna in the New Forest: a benchmark study across a national park landscape",Carpenter,Biodiversity and Conservation,Journal,10.1007/s10531-012-0369-0,2012,Yes,Hand-sorting; Pitfall traps; Under features,1,0,1,0,1,0,0,1,1,0,0,,0,1,0,1,1,1,0,0,0,0,0,0,,Natural,Multiple site-single region,New Forest,England,40,40,2010,2010-2011,
A51,202,"Carpenter et al., 2013, Journal of Natural History - Differences in nest structure influence the importance of Formica rufa group (Hymenoptera: Formicidae) wood ant nests as refugia for earthworms",Carpenter,Journal of Natural History,Journal,10.1080/00222933.2012.763063,2013,No,Under features,0,0,1,0,0,0,0,1,1,0,1,,0,0,0,0,1,0,0,0,0,0,0,0,,Natural,Multiple site-multiple region,Surrey; Essex; Sussex; Buckingham,England,4,4,2010,2010,
A50,203,"Keith and Schmidt, 2013, Irish Naturalists' Journal - First record of the earthworm Prosellodrilus amplisetosus (Oligochaeta: Lumbricidae) outside continental Europe",Keith,Irish Naturalists Journal,Journal,NA,2013,Yes,Hand-sorting,1,0,0,0,0,0,0,0,0,0,0,Prosellodrilus amplisetosus,0,1,1,0,0,0,0,0,0,0,0,0,,Natural,Single site,County Louth,Republic of Ireland,1,1,2006,2006,
A49,204,"Kennedy et al., 2013, Journal of Agricultural Science - A comparison of the effects of minimum-till and conventional-till methods, with and without straw incorporation, on slugs, slug damage, earthworms and carabid beetles in autumn-sown cereals",Kennedy,Journal of Agricultural Science,Journal,10.1017/S0021859612000706,2013,Yes,Hand-sorting + Extractant,1,1,0,0,0,0,0,1,1,1,1,,0,0,1,0,0,0,0,0,0,0,0,0,,Experimental,Multiple site-single region,Co Carlow,Republic of Ireland,2,8,2001,2001-2009,
A48,205,"Dinter et al., 2013, Journal of Soils and Sediments - Occurrence and distribution of earthworms in agricultural landscapes across Europe with regard to testing for responses to plant protection products",Dinter,Journal of Soils and Sediments,Journal,10.1007/s11368-012-0620-z,2013,No,Hand-sorting; Extractant; Hand-sorting + Extractant,1,1,0,0,0,0,0,1,1,0,1,,0,0,1,0,0,0,0,0,0,0,0,0,,Experimental,Single site,Unclear,NA,1,2,1998,1998-2010,
A47,206,"Sim et al., 2013, Ibis - Seasonal variation in foraging conditions for Ring Ouzels Turdus torquatus in upland habitats and their effects on juvenile habitat selection",Sim,Ibis,Journal,10.1111/ibi.12002,2013,Yes,Hand-sorting,1,0,0,0,0,0,0,1,0,1,0,,0,1,0,1,0,0,0,0,0,0,0,0,,Natural,Multiple site-single region,"Braemar, Scotland",Scotland,1,35,2007,2007-2008,
A46,207,"Piotrowska et al., 2013, Soil Biology & Biogeochemistry - Evenness and plant species identity affect earthworm diversity and community structure in grassland soils",Piotrowska,Soil Biology & Biogeochemistry,Journal,10.1016/j.soilbio.2012.06.016,2013,Yes,Octet device,0,0,0,1,0,0,0,1,1,1,1,,0,1,0,1,0,0,0,0,0,0,0,0,,Experimental,Multiple site-multiple region,"County Wexford; County Cork; County Galway, Ireland",Republic of Ireland,3,108,2007,2007-2008,
A45,208,"Murchie and Gordon, 2013, Biological Invasions - The impact of the 'New Zealand flatworm', Arthurdendyus triangulatus, on earthworm populations in the field",Murchie,Biological Invasions,Journal,10.1007/s10530-012-0309-7,2013,Yes,Extractant,0,1,0,0,0,0,0,1,1,1,1,,0,0,0,1,0,0,0,0,0,0,0,0,,Experimental,Single site,Belfast,Northern Ireland,1,3,2000,2000-2003,
A44,209,"Roarty and Schmidt, 2013, Agriculture, Ecosystems and Environment - Permanent and new arable field margins support large earthworm communities but do not increase in-field populations",Roarty,"Agriculture, Ecosystems and Environment",Journal,10.1016/j.agee.2013.02.011,2013,Yes,Hand-sorting,1,0,0,0,0,0,0,1,1,1,1,,1,1,0,1,0,0,0,0,0,0,0,0,,Both,Multiple site-multiple region,"Ireland - Dowdstown, Harristown, Kearneystown, Gurteen and Johnstown South",Republic of Ireland,5,14,2004,2004-2007,Transect from margin into field - field samples counted as one plot
A43,210,"Rajapaksha et al., 2013, Forest Ecology and Management - Effects of Short Rotation Forestry on earthworm community development in the UK",Rajapaksha,Forest Ecology and Management,Journal,10.1016/j.foreco.2013.04.004,2013,Yes,Hand-sorting + Extractant,1,1,0,0,0,0,0,1,1,1,1,,0,1,1,0,1,0,0,0,0,0,0,0,,Experimental,Multiple site-multiple region,Northumberland; Nottinghamshire,England,2,6,2010,2010,
A42,211,"Wilson and Hargreaves, 2014, Greensward (by Southwest Scotland Grassland Society) - The effects of soil compaction on a grassland earthworms population",Wilson,Greensward,Journal,NA,2014,Yes,Hand-sorting + Extractant,1,1,0,0,0,0,0,1,1,1,1,,1,1,0,1,0,0,0,0,0,0,0,0,,Experimental,Single site,Dumfries,Scotland,1,3,2013,2013,
A41,212,"Feighan, 2014, MSc Thesis - The effect of irrigation with wastewaters on the abundance of bio-indicators in established short rotation coppice willow plantations",Feighan,MSc Thesis,Thesis,NA,2014,No,Extractant + Hand-sorting,1,1,0,0,0,0,0,1,1,0,1,,0,1,0,0,1,0,0,0,0,0,0,0,,Experimental,Multiple site-multiple region,County Derry; County Down,Republic of Ireland; Northern Ireland,2,14,2012,2012-2013,
A40,213,"Scullion et al., 2014, Applied Soil Ecology - Deciduous woodland exposed to elevated atmospheric CO2 has species-specific impacts on anecic earthworms",Scullion,Applied Soil Ecology,Journal,10.1016/j.apsoil.2014.03.016,2014,Yes,Hand-sorting + Extractant; Cast collection,1,1,0,0,0,1,0,1,1,1,1,,1,0,0,0,1,0,0,0,0,0,0,0,,Experimental,Single site,Bangor,Wales,1,6,2007,2007,
A39,214,"Schneider et al., 2014, Nature Communications - Gains to species diversity in organically farmed fields are not propagated at the farm level",Schneider,Nature Communications,Journal,10.1038/ncomms5151,2014,No,Hand-sorting + Extractant,1,1,0,0,0,0,0,1,1,0,0,,1,0,0,1,0,0,0,0,0,0,0,0,,Natural,Multiple site-multiple region,Wales,Wales,2,20,NA,NA,
A38,215,"Butt et al., 2014, Zeszyty Naukowe - Earthworms of an urban cemetery in Preston: General survey and burrowing of Lumbricus terrestris",Butt,Zeszyty Naukowe,Journal,NA,2014,Yes,Hand-sorting + Extractant,1,1,0,0,0,0,0,1,1,1,1,,0,0,0,1,0,0,0,0,0,0,0,0,,Natural,Single site,Preston,England,1,2,NA,NA,
A37,216,"Murchie et al., 2015, Applied Soil Biology - Responses of earthworm species to long-term applications of slurry",Murchie,Applied Soil Biology,Journal,10.1016/j.apsoil.2015.07.005,2015,Yes,Extractant,0,1,0,0,0,0,0,1,1,1,1,,0,1,0,1,0,0,0,0,0,0,0,0,,Experimental,Single site,Co. Down,Northern Ireland,1,8,2003,2003-2006,
A36,217,"Schmidt et al., 2015, Irish Naturalists Journal - Multiple records confirm presence of Dendrobaena attemsi (Oligochaeta: Lumbricidae) in Ireland",Schmidt,Irish Naturalists Journal,Journal,NA,2015,Yes,Hand-sorting; Extractant; Under features,1,1,1,0,0,0,0,0,0,0,0,Dendrobaena attemsi,0,0,0,0,1,0,0,0,0,0,1,1,"In Botanic Gardens, ""small stand of silver birch""; Veg garden; under mulch; also several woodlands",Natural,Multiple site-multiple region,Co. Dublin; Co. Waterford; Co. Wicklow,Republic of Ireland,5,6,2008,2008-2013,
A35,218,"Brown, 2015, Earthworm Society - Richmond Park Earthworm Report",Brown,Report,Report,NA,2015,Yes,Hand-sorting,1,0,0,0,0,0,0,1,1,0,1,,0,0,0,1,1,1,0,0,1,1,1,0,"Urban, but Richmond Park is huge. Lots of microhabitats sampled",Natural,Single site,London,England,1,12,2014,2014-2015,
A34,219,"Crotty et al., 2015, Soil Biology & Biogeochemistry - Assessing the impact of agricultural forage crops on soil biodiversity and abundance",Crotty,Soil Biology & Biogeochemistry,Journal,10.1016/j.soilbio.2015.08.036,2015,Yes,Hand-sorting + Extractant,1,1,0,0,0,0,0,1,1,1,1,,1,1,1,1,0,0,0,0,0,0,0,0,,Experimental,Single site,Aberysthwyth,Wales,1,5,2012,2012-2013,
A33,220,"Tsiafouli et al., 2015, Global Change Biology - Intensive agriculture reduces soil biodiversity across Europe",Tsiafouli,Global Change Biology,Journal,10.1111/gcb.12752,2015,No,Hand-sorting,1,0,0,0,0,0,0,1,1,1,1,,1,1,1,1,0,0,0,0,0,0,0,0,,Natural,Multiple site-single region,Chilterns,England,5,15,2008,2008-2009,
A32,221,"Butt et al., 2015, The Glasgow Naturalist - An oasis of fertility on a barren island: Earthworms at Papadil, Isle of Rum",Butt,The Glasgow Naturalist,Journal,NA,2015,No,Extractant,0,1,0,0,0,0,0,1,1,1,0,Lumbricus terrestris,1,0,0,1,1,0,0,0,0,0,0,0,,Both,Multiple site-single region,Isle of Rum,Scotland,2,5,2005,2005-2011,
A31,222,"Jelaska and Symondson, 2016, Periodicum Biologorum - Predation on epigeic, endogeic and anecic earthworms by carabids active in spring and autumn",Jelaska,Periodicum Biologorum,Journal,10.18054/pb.2016.118.3.4709,2016,No,Hand-sorting,1,0,0,0,0,0,0,1,1,0,1,,0,0,0,0,1,0,0,0,0,0,0,0,,Natural,Multiple site-multiple region,Wales,Wales,3,3,2010,2010,
A30,223,"Crotty et al., 2016, Soil Biology & Biogeochemistry - Understanding the legacy effect of previous forage crop and tillage management on soil biology, after conversion to an arable crop rotation",Crotty,Soil Biology & Biogeochemistry,Journal,10.1016/j.soilbio.2016.08.018,2016,Yes,Hand-sorting + Extractant,1,1,0,0,0,0,0,1,1,1,1,,0,1,1,1,0,0,0,0,0,0,0,0,,Experimental,Single site,Aberysthwyth,Wales,1,25,2012,2012-2014,
A29,224,"Lowe et al., 2016, Ecotoxicology and Environmental Safety - Assessment of avoidance behaviour by earthworms (Lumbricus rubellus and Octolasion cyaneum) in linear pollution gradients",Lowe,Ecotoxicology and Environmental Safety,Journal,10.1016/j.ecoenv.2015.11.015,2016,Yes,Hand-sorting,1,0,0,0,0,0,0,1,0,0,1,,0,0,0,1,1,0,0,0,0,0,0,0,,Experimental,Multiple site-single region,Lancashire,England,2,2,NA,NA,
A28,225,"Lees et al., 2016, Agriculture, Ecosystems & Environment - The effects of soil compaction mitigation on below-ground fauna: How earthworms respond to mechanical loosening and power harrow cultivation",Lees,"Agriculture, Ecosystems & Environment",Journal,10.1016/j.agee.2016.07.026,2016,Yes,Extractant,0,1,0,0,0,0,0,1,1,1,1,,0,0,1,1,0,0,0,0,0,0,0,0,,Experimental,Single site,Northumberland,England,1,9,2011,2011-2012,
A27,226,"Spurgeon et al., 2016, Applied Soil Ecology - Ecological drivers influence the distributions of two cryptic lineages in an earthworm morphospecies",Spurgeon,Applied Soil Ecology,Journal,10.1016/j.apsoil.2016.07.013,2016,Yes,Hand-sorting,1,0,0,0,0,0,0,1,0,0,1,Lumbricus rubellus,1,1,1,1,1,0,0,0,0,0,0,0,,Natural,Multiple site-multiple region,England and Wales-wide,England; Wales,26,26,2011,2011-2014,
A26,227,"McCallum et al., 2016, Agriculture, Ecosystems and Environment - A role for liming as a conservation intervention? Earthworm abundance is associated with higher soil pH and foraging activity of a threatened shorebird in upland grasslands",McCallum,"Agriculture, Ecosystems and Environment",Journal,10.1016/j.agee.2016.03.005,2016,No,Hand-sorting,1,0,0,0,0,0,0,1,1,0,1,,1,1,1,1,0,0,0,0,0,0,0,0,,Natural,Multiple site-single region,Central Scotland,Scotland,3,19,2009,2009-2011,
A25,228,"Burton and Eggleton, 2016, European Journal of Soil Biology - Microhabitat heterogeneity enhances soil macrofauna and plant species diversity in an Ash - Field Maple woodland",Burton,European Journal of Soil Biology,Journal,10.1016/j.ejsobi.2016.04.012,2016,No,Hand-sorting,1,0,0,0,0,0,0,1,1,0,1,,1,1,0,0,1,0,0,0,0,0,0,0,,Natural,Multiple site-single region,Isle of Wight,England,2,11,2013,2013,
A24,229,"Stroud et al., 2016, Applied Soil Ecology - Population collapse of Lumbricus terrestris in conventional arable cultivations and response to straw applications",Stroud,Applied Soil Ecology,Journal,10.1016/j.apsoil.2016.08.002,2016,Yes,Midden counting + Extractant,0,1,0,0,0,1,0,0,1,0,0,Lumbricus terrestris,0,0,1,0,0,0,0,0,0,0,0,0,,Experimental,Multiple site-multiple region,"Rothamsted, Woburn",England,4,14,2015,2015,
A23,230,"Plamping et al., 2016, International Journal of Mining, Reclamation and Environment - Effects of initial planting method on the performance of mixed plantings of alder and oak on compacted opencast coal-spoils, Wales: 10-year results",Plamping,"International Journal of Mining, Reclamation and Environment",Journal,10.1080/17480930.2016.1139528,2016,Yes,Extractant,0,1,0,0,0,0,0,1,,1,0,,0,0,0,0,1,0,1,0,0,0,0,0,,Natural,Single site,South Wales,Wales,1,6,2010,2010/2013,
A22,231,"Sizmur et al, 2017, Applied Soil Ecology - Milled cereal straw accelerates earthworm (Lumbricus terrestris) growth more than selected organic amendments",Sizmur,Applied Soil Ecology,Journal,10.1016/j.apsoil.2016.12.006,2017,Yes,Hand-sorting + Extractant,1,1,0,0,0,0,0,1,1,1,1,,1,1,1,0,0,0,0,0,0,0,0,0,,Experimental,Multiple site-single region,Rothamsted,England,2,8,2014,2014,
A21,232,"Butt and Briones, 2017, European Journal of Soil Biology - Earthworms and mesofauna from an isolated, alkaline chemical waste site in Northwest England",Butt,European Journal of Soil Biology,Journal,10.1016/j.ejsobi.2016.11.005,2017,Yes,Hand-sorting + Extractant,1,1,0,0,0,0,0,1,1,1,1,,0,1,0,1,0,0,0,0,0,0,0,0,,Natural,Single site,Lancashire,England,1,3,2009,2009,
A20,233,"Roarty et al., 2017, Applied Soil Ecology - Earthworm populations in twelve cover crop and weed management combinations",Roarty,Applied Soil Ecology,Journal,10.1016/j.apsoil.2017.02.001,2017,No,Hand-sorting,1,0,0,0,0,0,0,1,1,1,1,,1,1,1,0,0,0,0,0,0,0,0,0,,Natural,Single site,"Carlow, Ireland",Republic of Ireland,1,12,2006,2006-2007,
A19,234,"Briones and Alvarez-Otero, 2018, Pedobiologia - Body wall thickness as a potential functional trait for assigning earthworm species to ecological categories",Briones,Pedobiologia,Journal,10.1016/j.pedobi.2018.02.001,2018,No,Hand-sorting,1,0,0,0,0,0,0,0,0,0,1,,0,0,0,0,0,0,0,0,0,0,0,0,,Natural,Multiple site-multiple region,"Lancaster, UK; Lyons, Dublin, Ireland",Republic of Ireland; England,3,3,NA,NA,
A18,235,"Keith et al., 2018, Pedobiologia Journal of Soil Ecology - Consequences of anecic earthworm removal over 18 months for earthworm assemblages and nutrient cycling in a grassland",Keith,Pedobiologia Journal of Soil Ecology,Journal,10.1016/j.pedobi.2017.10.003,2018,Yes,Extractant,0,1,0,0,0,0,0,1,1,1,1,,0,0,0,1,0,0,0,0,0,0,0,0,,Experimental,Single site,County Kildare,Republic of Ireland,1,3,2009,2009,
A17,236,"Martay, 2018, Pedobiologia Journal of Soil Ecology - Using data from schools to model variation in soil invertebrates across the UK: The importance of weather, climate, season and habitat",Martay,Pedobiologia Journal of Soil Ecology,Journal,10.1016/j.pedobi.2018.01.002,2018,Yes,Hand-sorting,1,0,0,0,0,0,0,1,1,1,0,,1,0,0,1,0,0,0,0,0,1,1,1,"""playing field, garden, flower bed, public park, other grassy area or other habitats""",Natural,Multiple site-multiple region,UK-wide,England; Scotland; Wales; Northern Ireland,410,410,2015,2015-2017,
A16,237,"Nicholson et al., 2018, Soil Science - Long-term Effects of Biosolids on Soil Quality and Fertility",Nicholson,Soil Science,Journal,10.1097/SS.0000000000000239,2018,No,Extractant,0,1,0,0,0,0,0,1,1,1,0,,1,1,1,1,0,0,0,0,0,0,0,0,,Experimental,Multiple site-multiple region,Hampshire; Nottinghamshire; Herefordshire; Bedfordshire,England,4,16,2014,2014,
A15,238,"Bacher et al., 2018, BMC Ecology - The impact of cattle dung pats on earthworm distribution in grazed pastures",Bacher,BMC Ecology,Journal,10.1186/s12898-018-0216-6 ,2018,Yes,Hand-sorting + Extractant,1,1,0,0,0,0,0,1,1,1,1,,1,0,0,1,0,0,0,0,0,0,0,0,,Both,Multiple site-single region,"County Wexford, Ireland",Republic of Ireland,1,4,2015,2015-2016,"Also in Bacher, 2018, Thesis"
A239,239,"Bacher, 2018, PhD Thesis - Earthworms and soil physical quality in grazed grasslands in Ireland",Bacher,PhD Thesis,Thesis,NA,2018,No,Hand-sorting + Extractant,1,1,0,0,0,0,0,1,1,1,1,,0,1,0,1,0,0,0,0,0,0,0,0,,Both,Multiple site-multiple region,Republic of Ireland,Republic of Ireland,38,38,2015,2015,
A14,240,"Sims et al., 2019, British Journal of Entomology and Natural History - Temporal changes in earthworm populations in agricultural field margins at Jealott's Hill , 2012-2014",Sims,British Journal of Entomology and Natural History,Journal,NA,2019,Yes,Hand-sorting + Extractant,1,1,0,0,0,0,0,1,1,1,1,,0,1,1,1,0,0,0,0,0,0,0,0,,Experimental,Single site,Berkshire,England,1,7,2012,2012-2014,Additional treatments in data from author
A13,241,"Ashwood et al., 2019b, Forest Ecosystems - Developing a systematic sampling method for earthworms in and around deadwood",Ashwood,Forest Ecosystems,Journal,10.1186/s40663-019-0193-z,2019,Yes,Under features + Hand-sorting + Extractant,1,1,1,0,0,0,0,1,1,1,1,,0,1,0,0,1,0,0,0,0,0,0,0,,Natural,Multiple site-single region,Alice Holt,England,1,12,2017,2017,
A12,242,"Holden et al., 2019, Agriculture, Ecosystems & Environment - The role of hedgerows in soil functioning within agricultural landscapes",Holden,"Agriculture, Ecosystems & Environment",Journal,10.1016/j.agee.2018.11.027,2019,Yes,Hand-sorting + Extractant,1,1,0,0,0,0,0,1,1,1,1,,1,1,1,1,0,0,0,0,0,0,0,0,,Experimental,Single site,Tadcaster,England,6,24,2015,2015-2017,
A11,243,"Ashwood et al., 2019a, Restoration Ecology - Woodland restoration on agricultural land: long-term impacts on soil quality",Ashwood,Restoration Ecology,Journal,10.1111/rec.13003,2019,Yes,Hand-sorting,1,0,0,0,0,0,0,1,1,1,1,,0,1,0,0,1,0,0,0,0,0,0,0,,Natural,Multiple site-multiple region,Midlands,England,21,21,2016,2016,
A10,244,"Crotty and Stoate, 2019, Food and Energy Security - The legacy of cover crops on the soil habitat and ecosystem services in a heavy clay, minimum tillage rotation",Crotty,Food and Energy Security,Journal,10.1002/fes3.169 ,2019,Yes,Hand-sorting + Extractant,1,1,0,0,0,0,0,1,1,1,1,,1,1,1,0,0,0,0,0,0,0,0,0,,Both,Single site,Leicestershire,England,1,4,2016,2016,
A9,245,"Stroud, 2019, PlosOne - Soil health pilot study in England: Outcomes from an on-farm earthworm survey",Stroud,PlosOne,Journal,10.1371/journal.pone.0203909,2019,No,Hand-sorting,1,0,0,0,0,0,0,1,1,0,0,,0,0,1,0,0,0,0,0,0,0,0,0,,Natural,Multiple site-multiple region,England,England,126,126,2018,2018,
A7,246,"Harvey et al., 2019, Agriculture, Ecosystems and Environment - Agroecosystem resilience in response to extreme winter flooding",Harvey,"Agriculture, Ecosystems and Environment",Journal,10.1016/j.agee.2019.04.001 ,2019,No,Hand-sorting,1,0,0,0,0,0,0,1,1,0,0,,0,1,1,1,0,0,0,0,0,0,0,0,,Both,Multiple site-multiple region,"Worcestershire, Gwynedd, Somerset, Hereford",England; Wales,6,34,2014,2014-2015,
A6,247,"Tibbett et al., 2019, Catena - Long-term acidification of pH neutral grasslands affects soil biodiversity, fertility and function in a heathland restoration",Tibbett,Catena,Journal,10.1016/j.catena.2019.03.013 ,2019,Yes,Hand-sorting,1,0,0,0,0,0,0,1,1,1,0,,1,1,1,1,0,0,0,0,0,0,0,0,,Both,Single site,Dorset,England,1,8,2014,2014-2016,
A5,248,"Briones et al., 2019, Soil Biology & Biogeochemistry - Plant identity control on soil food web structure and C transfers under perennial bioenergy plantations",Briones,Soil Biology & Biogeochemistry,Journal,10.1016/j.soilbio.2019.107603 ,2019,Yes,Hand-sorting,1,0,0,0,0,0,0,1,1,1,1,,1,1,1,1,0,0,0,0,0,0,0,0,,Natural,Single site,Lincolnshire,England,1,3,2012,2012,
A4,249,"Prendergast-Miller, 2019b, Environmental Information Data Centre - Soil moisture, temperature and bulk density and earthworm abundance and biomass along transects in arable fields and ley strips in farms in North Yorkshire, England (2016)",Prendergast-Miller,Environmental Information Data Centre,Dataset,10.5285/a5638d26-a8be-4409-ac51-42904069d919,2019,Yes,Hand-sorting + Extractant,1,1,0,0,0,0,0,1,1,1,1,,0,1,1,1,0,0,0,0,0,0,0,0,,Natural,Multiple site-single region,Yorkshire,England,4,27,2016,2016,Transect from hedgerow into field - field samples counted as one plot
A3,250,"Prendergast-Miller, 2019a, Environmental Information Data Centre - Soil moisture, temperature and bulk density and earthworm abundance and biomass along transects from hedges into arable fields, pasture fields, ley strips established in arable fields and arable strips established in pasture fields at a farm in West Yorkshire, England (2015-2017)",Prendergast-Miller,Environmental Information Data Centre,Dataset,10.5285/d3dcfd8a-918d-48a4-9511-ec832de34636,2019,Yes,Hand-sorting + Extractant,1,1,0,0,0,0,0,1,1,1,1,,0,1,1,1,0,0,0,0,0,0,0,0,,Experimental,Single site,West Yorkshire,England,7,35,2015,2015-2017,Transect from hedgerow into field - field samples counted as one plot
A241,251,"Ashwood, 2019, Alice Holt Chronosequence",Ashwood,Dataset,Dataset,NA,NA,Yes,Hand-sorting,1,0,0,0,0,0,0,1,1,1,1,,0,1,0,0,1,0,0,0,0,0,0,0,,Natural,Multiple site-single region,Hampshire,England,18,18,2019,2019,
A240,252,"Ashwood, 2019, ""Scotland Data"", Woodlands",Ashwood,Dataset,Dataset,NA,NA,Yes,Hand-sorting,1,0,0,0,0,0,0,1,1,1,1,,0,1,0,0,1,0,0,0,0,0,0,0,,Natural,Multiple site-multiple region,Scotland,Scotland,26,26,2019,2019,
A2,253,"Alhakami, 2020, Masters Thesis - Biological Studies on the Invasive Plant Species Gunnera tinctoria",Alhakami,MSc Thesis,Thesis,NA,2020,Yes,Hand-sorting,1,0,0,0,0,0,0,1,1,1,1,,0,0,0,1,0,0,0,0,0,0,0,0,,Natural,Multiple site-single region,County Mayo,Republic of Ireland,1,20,2018,2018-2019,
A1,254,"Butt and Quigg, 2020, The Glasgow Naturalist - Soils and earthworms as a final chapter in the narrative of a steelworks",Butt,The Glasgow Naturalist,Journal,10.37208/tgn27208,2020,Yes,Hand-sorting + Extractant,1,1,0,0,0,0,0,1,1,1,1,,0,1,0,1,1,0,1,0,0,0,0,0,,Natural,Single site,Glasgow,Scotland,1,7,2018,2018,
A8,255,"Kiss, 2021, Science of the Total Environment - Dual stresses of flooding and agricultural land use reduce earthworm populations more than the individual stressors",Kiss,Science of the Total Environment,Journal,10.1016/j.scitotenv.2020.142102,2021,Yes,Hand-sorting + Extractant,1,1,0,0,0,0,0,1,1,1,1,,1,1,1,1,0,0,0,0,0,0,0,0,,Natural,Multiple site-multiple region,Reading; Yorkshire,England,2,6,2016,2016-2018,
A255,256,"Hodson et al., 2021, Plos One - Earthworm distributions are not driven by measurable soil properties. Do they really indicate soil quality?",Hodson,Plos One,Journal,10.1371/journal.pone.0241945,2021,Yes,Hand-sorting + Extractant,1,1,0,0,0,0,0,1,1,0,1,,0,1,0,1,0,0,0,0,0,0,0,0,,Natural,Multiple site-multiple region,Aberdeen; Dumfries; Yorkshire; Leicester; Somerset; Berkshire; Dorset,England; Scotland,7,28,2013,2013,
A242,257,"Butt and Nuutinen, 2021, European Journal of Soil Biology, Earthworms in past and present agricultural landscapes of Hebridean Scotland",Butt,European Journal of Soil Biology,Journal,10.1016/j.ejsobi.2020.103273,2021,Yes,Hand-sorting + Extractant,1,1,0,0,0,0,0,1,1,1,1,,0,1,1,1,0,0,0,1,0,0,0,0,,Both,Multiple site-multiple region,Hebrides,Scotland,8,14,2011,2011; 2014,
